{
"type": "FeatureCollection",
"name": "reference_polygons",
"crs": { "type": "name", "properties": { "name": "urn:ogc:def:crs:OGC:1.3:CRS84" } },
"features": [
{ "type": "Feature", "properties": { "year": 2025, "month": 6, "ref_class": "clearcut" }, "geometry": { "type": "MultiPolygon", "coordinates": [ [ [ [ 28.175884065517124, 49.457933031442316 ], [ 28.177364759224105, 49.458189098124379 ], [ 28.179674098033157, 49.453323602373537 ], [ 28.179402411114442, 49.453252956409663 ], [ 28.178193404326176, 49.453659169311443 ], [ 28.175884065517124, 49.457933031442316 ] ] ] ] } },
{ "type": "Feature", "properties": { "year": 2025, "month": 6, "ref_class": "clearcut" }, "geometry": { "type": "MultiPolygon", "coordinates": [ [ [ [ 28.444394758400762, 49.403488774382112 ], [ 28.444883794854437, 49.400500860133668 ], [ 28.44656825375046, 49.400553901616611 ], [ 28.446147139026451, 49.403532972932418 ], [ 28.444394758400762, 49.403488774382112 ] ] ] ] } },
{ "type": "Feature", "properties": { "year": 2025, "month": 7, "ref_class": "clearcut" }, "geometry": { "type": "MultiPolygon", "coordinates": [ [ [ [ 28.161046295567097, 49.36830240422784 ], [ 28.161399488561425, 49.366303156993354 ], [ 28.161087048604909, 49.366081996331886 ], [ 28.160611596497159, 49.366205846424869 ], [ 28.159619939243854, 49.366754321658036 ], [ 28.159619939243857, 49.36738240674859 ], [ 28.161046295567097, 49.36830240422784 ] ] ] ] } },
{ "type": "Feature", "properties": { "year": 2025, "month": 9, "ref_class": "clearcut" }, "geometry": { "type": "MultiPolygon", "coordinates": [ [ [ [ 28.159619939243854, 49.367382406748568 ], [ 28.159001851503785, 49.366444699294611 ], [ 28.160740647783548, 49.364896558229965 ], [ 28.161066672086015, 49.364511727029509 ], [ 28.160849322551044, 49.364339215513667 ], [ 28.160767816475435, 49.364113622618156 ], [ 28.161548916366726, 49.364104775816848 ], [ 28.161759473728715, 49.36469308463716 ], [ 28.161399488561425, 49.366303156993354 ], [ 28.161087048604909, 49.366081996331886 ], [ 28.160611596497159, 49.366205846424869 ], [ 28.159619939243854, 49.366754321658028 ], [ 28.159619939243854, 49.367382406748568 ] ] ] ] } },
{ "type": "Feature", "properties": { "year": 2025, "month": 4, "ref_class": "clearcut" }, "geometry": { "type": "MultiPolygon", "coordinates": [ [ [ [ 28.281390968051724, 49.425843464119403 ], [ 28.277424339038522, 49.422132334422656 ], [ 28.27856542409711, 49.421610986575885 ], [ 28.28251846876438, 49.425242633592937 ], [ 28.281390968051724, 49.425843464119403 ] ] ] ] } },
{ "type": "Feature", "properties": { "year": 2025, "month": 9, "ref_class": "clearcut" }, "geometry": { "type": "MultiPolygon", "coordinates": [ [ [ [ 28.31833976387718, 49.467897364499535 ], [ 28.319400102233537, 49.466800637363399 ], [ 28.318392034077849, 49.465951384883176 ], [ 28.318974473456699, 49.465427267435288 ], [ 28.317809594699007, 49.464602256390116 ], [ 28.316868731087027, 49.465320502082577 ], [ 28.317540776524151, 49.465854326519548 ], [ 28.316988205831404, 49.466232853050471 ], [ 28.318138150246046, 49.467077247850114 ], [ 28.318182953275187, 49.467203420535924 ], [ 28.317660251268528, 49.467601347647289 ], [ 28.317854397728141, 49.467824573636129 ], [ 28.31833976387718, 49.467897364499535 ] ] ] ] } },
{ "type": "Feature", "properties": { "year": 2025, "month": 8, "ref_class": "clearcut" }, "geometry": { "type": "MultiPolygon", "coordinates": [ [ [ [ 28.361767260052428, 49.283567930262912 ], [ 28.360423169178183, 49.283684833020459 ], [ 28.359975138886757, 49.283519220698807 ], [ 28.35960178031058, 49.283353607820928 ], [ 28.3594823055662, 49.282944444208624 ], [ 28.359646583339721, 49.282642440317098 ], [ 28.359571911624485, 49.282379403162622 ], [ 28.359258290420492, 49.282311208115757 ], [ 28.358660916698607, 49.282252755143389 ], [ 28.358033674290624, 49.282311208115765 ], [ 28.357660315714437, 49.28243785598486 ], [ 28.357421366225683, 49.282359918873155 ], [ 28.357600578342247, 49.282096880211704 ], [ 28.358018739947578, 49.281804613386711 ], [ 28.358407032866804, 49.281590283280842 ], [ 28.358750522756893, 49.281492860197503 ], [ 28.359198553048302, 49.281424663924625 ], [ 28.359706320711908, 49.281375952243415 ], [ 28.360273825747711, 49.28135646755748 ], [ 28.36054264392256, 49.281531829453932 ], [ 28.360766659068268, 49.281950747015742 ], [ 28.360766659068268, 49.282223528631242 ], [ 28.360766659068268, 49.282457340243553 ], [ 28.361125083301399, 49.282564503528725 ], [ 28.361423770162343, 49.282739861129336 ], [ 28.361722457023284, 49.283022380396552 ], [ 28.361931537825946, 49.283236704278146 ], [ 28.361767260052428, 49.283567930262912 ] ] ] ] } },
{ "type": "Feature", "properties": { "year": 2025, "month": 9, "ref_class": "clearcut" }, "geometry": { "type": "MultiPolygon", "coordinates": [ [ [ [ 28.675347055662012, 49.037263827369785 ], [ 28.679887095948374, 49.034630119046113 ], [ 28.678274186899277, 49.034542 ], [ 28.67451073245137, 49.036578489183363 ], [ 28.675347055662012, 49.037263827369785 ] ] ] ] } },
{ "type": "Feature", "properties": { "year": 2025, "month": 6, "ref_class": "clearcut" }, "geometry": { "type": "MultiPolygon", "coordinates": [ [ [ [ 28.68378495948371, 49.049666816385816 ], [ 28.686831565465344, 49.047758112617188 ], [ 28.685771227108994, 49.04704355338265 ], [ 28.682724621127356, 49.048971860931943 ], [ 28.68378495948371, 49.049666816385816 ] ] ] ] } },
{ "type": "Feature", "properties": { "year": 2025, "month": 6, "ref_class": "clearcut" }, "geometry": { "type": "MultiPolygon", "coordinates": [ [ [ [ 28.632142001226349, 49.094466036179085 ], [ 28.631006991154752, 49.092324342081263 ], [ 28.63123100630046, 49.092197206649722 ], [ 28.634382152683433, 49.092050511516469 ], [ 28.632142001226349, 49.094466036179085 ] ] ] ] } },
{ "type": "Feature", "properties": { "year": 2025, "month": 8, "ref_class": "clearcut" }, "geometry": { "type": "MultiPolygon", "coordinates": [ [ [ [ 28.617171493070654, 48.965864441449526 ], [ 28.621253333831522, 48.962490524518813 ], [ 28.620460458288036, 48.961767512621819 ], [ 28.616481397690215, 48.965112559728674 ], [ 28.617171493070654, 48.965864441449526 ] ] ] ] } },
{ "type": "Feature", "properties": { "year": 2025, "month": 9, "ref_class": "clearcut" }, "geometry": { "type": "MultiPolygon", "coordinates": [ [ [ [ 28.636802504211946, 48.9604178623701 ], [ 28.635275484646733, 48.957438862191836 ], [ 28.636332652038039, 48.957188193867474 ], [ 28.637830305842382, 48.960128646850201 ], [ 28.636802504211946, 48.9604178623701 ] ] ] ] } },
{ "type": "Feature", "properties": { "year": 2025, "month": 8, "ref_class": "thinning" }, "geometry": { "type": "MultiPolygon", "coordinates": [ [ [ [ 28.627464192255424, 48.956802547831813 ], [ 28.62392561807064, 48.951248914326939 ], [ 28.624997468342375, 48.950978930274061 ], [ 28.628580091168466, 48.956580800011245 ], [ 28.627464192255424, 48.956802547831813 ] ] ] ] } },
{ "type": "Feature", "properties": { "year": 2025, "month": 4, "ref_class": "clearcut" }, "geometry": { "type": "MultiPolygon", "coordinates": [ [ [ [ 28.268170989130439, 49.19851273664797 ], [ 28.265652450000012, 49.196859647233516 ], [ 28.266956693478274, 49.196602495025559 ], [ 28.269036736956519, 49.197991101065902 ], [ 28.268170989130439, 49.19851273664797 ] ] ] ] } },
{ "type": "Feature", "properties": { "year": 2025, "month": 7, "ref_class": "clearcut" }, "geometry": { "type": "MultiPolygon", "coordinates": [ [ [ [ 28.268182232608694, 49.201576316276935 ], [ 28.268643215217381, 49.199952716177201 ], [ 28.26961015434782, 49.20006291696513 ], [ 28.269239119565214, 49.201671820505197 ], [ 28.268182232608694, 49.201576316276935 ] ] ] ] } },
{ "type": "Feature", "properties": { "year": 2025, "month": 8, "ref_class": "clearcut" }, "geometry": { "type": "MultiPolygon", "coordinates": [ [ [ [ 28.114247626086954, 49.461994841140793 ], [ 28.115270782608686, 49.462053302901879 ], [ 28.115304513043466, 49.461008288403463 ], [ 28.114360060869554, 49.461000980531288 ], [ 28.114247626086954, 49.461994841140793 ] ] ] ] } },
{ "type": "Feature", "properties": { "year": 2025, "month": 3, "ref_class": "clearcut" }, "geometry": { "type": "MultiPolygon", "coordinates": [ [ [ [ 28.114011513043479, 49.464844770810878 ], [ 28.113696695652177, 49.463916734990697 ], [ 28.112021417391308, 49.463682896420991 ], [ 28.111470486956531, 49.46343444171788 ], [ 28.111515460869573, 49.462718300524692 ], [ 28.110298354347862, 49.462665320275711 ], [ 28.110152189130467, 49.462650705024529 ], [ 28.110132513043492, 49.464399023516251 ], [ 28.112932139130439, 49.464735161196359 ], [ 28.114011513043479, 49.464844770810878 ] ] ] ] } },
{ "type": "Feature", "properties": { "year": 2025, "month": 8, "ref_class": "clearcut" }, "geometry": { "type": "MultiPolygon", "coordinates": [ [ [ [ 28.028147880434872, 49.475108624468717 ], [ 28.028822489130523, 49.475079401385656 ], [ 28.02887870652183, 49.47392507565813 ], [ 28.028710054347911, 49.473837404238175 ], [ 28.028676323913132, 49.47290953875801 ], [ 28.028102906521831, 49.472975293583289 ], [ 28.028147880434872, 49.475108624468717 ] ] ] ] } },
{ "type": "Feature", "properties": { "year": 2025, "month": 3, "ref_class": "clearcut" }, "geometry": { "type": "MultiPolygon", "coordinates": [ [ [ [ 28.000567628260967, 49.482676815917046 ], [ 28.001602028260962, 49.482472285580407 ], [ 28.005301132608793, 49.481340048619188 ], [ 28.00514372391314, 49.481245085619562 ], [ 28.0041767847827, 49.481150122435793 ], [ 28.003046815217491, 49.481661460482172 ], [ 28.002102363043576, 49.480883494050737 ], [ 28.000629467391406, 49.481281609871985 ], [ 28.000567628260967, 49.482676815917046 ] ] ] ] } },
{ "type": "Feature", "properties": { "year": 2025, "month": 6, "ref_class": "clearcut" }, "geometry": { "type": "MultiPolygon", "coordinates": [ [ [ [ 27.978687819565351, 49.487873791189507 ], [ 27.979564810869693, 49.487749625338822 ], [ 27.979418645652302, 49.485945533039065 ], [ 27.97864284565231, 49.485982053785364 ], [ 27.978687819565351, 49.487873791189507 ] ] ] ] } },
{ "type": "Feature", "properties": { "year": 2025, "month": 6, "ref_class": "clearcut" }, "geometry": { "type": "MultiPolygon", "coordinates": [ [ [ [ 27.93719095217407, 49.495861741001534 ], [ 27.940454371739285, 49.49425695241046 ], [ 27.938320921739294, 49.493627072202074 ], [ 27.937570419565382, 49.493774957848743 ], [ 27.937359604347989, 49.494892301626123 ], [ 27.936937973913206, 49.495615275184086 ], [ 27.93719095217407, 49.495861741001534 ] ] ] ] } },
{ "type": "Feature", "properties": { "year": 2025, "month": 6, "ref_class": "clearcut" }, "geometry": { "type": "MultiPolygon", "coordinates": [ [ [ [ 27.894125619565404, 49.506316225555416 ], [ 27.895601326087146, 49.506349080550486 ], [ 27.895643489130627, 49.505308661659818 ], [ 27.894268973913231, 49.505155334900181 ], [ 27.894125619565404, 49.506316225555416 ] ] ] ] } },
{ "type": "Feature", "properties": { "year": 2025, "month": 7, "ref_class": "clearcut" }, "geometry": { "type": "MultiPolygon", "coordinates": [ [ [ [ 27.809571852174166, 49.535263869090038 ], [ 27.810524736956779, 49.535285759459939 ], [ 27.810533169565474, 49.533167820759211 ], [ 27.809833263043732, 49.533036472701227 ], [ 27.809571852174166, 49.535263869090038 ] ] ] ] } },
{ "type": "Feature", "properties": { "year": 2025, "month": 9, "ref_class": "clearcut" }, "geometry": { "type": "MultiPolygon", "coordinates": [ [ [ [ 27.839296797826321, 49.536336485684622 ], [ 27.842585515217625, 49.536467824874357 ], [ 27.84270357173936, 49.535920575921807 ], [ 27.841523006521971, 49.53578923526139 ], [ 27.840460497826317, 49.535997191144062 ], [ 27.839617236956755, 49.536183256183804 ], [ 27.839296797826321, 49.536336485684622 ] ] ] ] } },
{ "type": "Feature", "properties": { "year": 2025, "month": 3, "ref_class": "clearcut" }, "geometry": { "type": "MultiPolygon", "coordinates": [ [ [ [ 27.858263986956516, 49.434198053060513 ], [ 27.8577243, 49.432179935677539 ], [ 27.859571041304338, 49.431971538392027 ], [ 27.859933643478254, 49.432678988736207 ], [ 27.860313110869555, 49.43399514827378 ], [ 27.858263986956516, 49.434198053060513 ] ] ] ] } },
{ "type": "Feature", "properties": { "year": 2025, "month": 9, "ref_class": "clearcut" }, "geometry": { "type": "MultiPolygon", "coordinates": [ [ [ [ 27.859452984782592, 49.43787761315096 ], [ 27.861055180434764, 49.436863156933093 ], [ 27.861839413043455, 49.436188669023281 ], [ 27.860928691304327, 49.43615576693675 ], [ 27.860760039130419, 49.435656749251628 ], [ 27.858525397826067, 49.437362162343639 ], [ 27.859452984782592, 49.43787761315096 ] ] ] ] } },
{ "type": "Feature", "properties": { "year": 2025, "month": 8, "ref_class": "clearcut" }, "geometry": { "type": "MultiPolygon", "coordinates": [ [ [ [ 27.843626215768815, 49.445223623582081 ], [ 27.845111965624433, 49.444060470543327 ], [ 27.84401028716006, 49.44346902621249 ], [ 27.8425447515882, 49.444645336254801 ], [ 27.843626215768815, 49.445223623582081 ] ] ] ] } },
{ "type": "Feature", "properties": { "year": 2025, "month": 4, "ref_class": "clearcut" }, "geometry": { "type": "MultiPolygon", "coordinates": [ [ [ [ 28.424056571460014, 49.095613157848248 ], [ 28.42558274988313, 49.095401376814252 ], [ 28.424764071391252, 49.092886407963206 ], [ 28.423298535819381, 49.092952592986421 ], [ 28.424056571460014, 49.095613157848248 ] ] ] ] } },
{ "type": "Feature", "properties": { "year": 2025, "month": 8, "ref_class": "clearcut" }, "geometry": { "type": "MultiPolygon", "coordinates": [ [ [ [ 28.365839434260277, 49.120901256721162 ], [ 28.367092719852771, 49.120795420272366 ], [ 28.366900684157144, 49.119333531218324 ], [ 28.365748469983401, 49.119366606107725 ], [ 28.365839434260277, 49.120901256721162 ] ] ] ] } },
{ "type": "Feature", "properties": { "year": 2025, "month": 6, "ref_class": "clearcut" }, "geometry": { "type": "MultiPolygon", "coordinates": [ [ [ [ 28.613995713114928, 49.511748146841171 ], [ 28.618048677006787, 49.510501258313695 ], [ 28.616946998542417, 49.509838425684286 ], [ 28.615653284382418, 49.510179687169625 ], [ 28.615077177295554, 49.510402818392045 ], [ 28.6144909630668, 49.510678449673421 ], [ 28.613571213156185, 49.510875328209217 ], [ 28.61333874889306, 49.510908141221499 ], [ 28.613995713114928, 49.511748146841171 ] ] ] ] } },
{ "type": "Feature", "properties": { "year": 2025, "month": 7, "ref_class": "clearcut" }, "geometry": { "type": "MultiPolygon", "coordinates": [ [ [ [ 28.190334249979379, 49.155115267602881 ], [ 28.191759356983741, 49.154943401936897 ], [ 28.191921071253745, 49.154639330451708 ], [ 28.192022142672496, 49.154368308641693 ], [ 28.192113106949364, 49.154084064662491 ], [ 28.192123214091239, 49.153846091704594 ], [ 28.192001928388741, 49.153575065554584 ], [ 28.191921071253745, 49.153317258816301 ], [ 28.191799785551247, 49.153224712480423 ], [ 28.190111892858127, 49.153317258816287 ], [ 28.190334249979379, 49.155115267602881 ] ] ] ] } },
{ "type": "Feature", "properties": { "year": 2025, "month": 9, "ref_class": "clearcut" }, "geometry": { "type": "MultiPolygon", "coordinates": [ [ [ [ 28.252129142699992, 49.41497641662091 ], [ 28.249663000082503, 49.412859072443041 ], [ 28.250229000027495, 49.410636420359957 ], [ 28.251643999889996, 49.411899004304338 ], [ 28.250734357121242, 49.412359313289393 ], [ 28.250350285729994, 49.411859549047634 ], [ 28.250127928608745, 49.412451374568455 ], [ 28.250107714324994, 49.412767011928636 ], [ 28.252371714104992, 49.414831756261087 ], [ 28.252129142699992, 49.41497641662091 ] ] ] ] } },
{ "type": "Feature", "properties": { "year": 2025, "month": 7, "ref_class": "clearcut" }, "geometry": { "type": "MultiPolygon", "coordinates": [ [ [ [ 28.324344671396521, 49.419861741153476 ], [ 28.325658599840267, 49.420197055150219 ], [ 28.326790599730263, 49.418441562354523 ], [ 28.325405921293395, 49.418145686598436 ], [ 28.324344671396521, 49.419861741153476 ] ] ] ] } },
{ "type": "Feature", "properties": { "year": 2025, "month": 9, "ref_class": "clearcut" }, "geometry": { "type": "MultiPolygon", "coordinates": [ [ [ [ 28.404827842146773, 49.415088199334193 ], [ 28.406283270576768, 49.415278886904616 ], [ 28.407293984764262, 49.415272311483491 ], [ 28.407010984791764, 49.414812029815309 ], [ 28.406566270549263, 49.414785727875326 ], [ 28.406161984874267, 49.41473312395307 ], [ 28.405525234936146, 49.414509556654536 ], [ 28.405110842119267, 49.414397772623431 ], [ 28.404928913565524, 49.414364894918755 ], [ 28.404827842146773, 49.415088199334193 ] ] ] ] } },
{ "type": "Feature", "properties": { "year": 2025, "month": 5, "ref_class": "thinning" }, "geometry": { "type": "MultiPolygon", "coordinates": [ [ [ [ 28.458941479745274, 49.402724803651175 ], [ 28.460235193905266, 49.40336935545416 ], [ 28.460336265324017, 49.403329893342026 ], [ 28.46092247955276, 49.398765228385265 ], [ 28.459770265379014, 49.398659986148914 ], [ 28.458941479745274, 49.402724803651175 ] ] ] ] } },
{ "type": "Feature", "properties": { "year": 2025, "month": 3, "ref_class": "thinning" }, "geometry": { "type": "MultiPolygon", "coordinates": [ [ [ [ 28.445822409591575, 49.385042369738208 ], [ 28.450208909165308, 49.385239753457 ], [ 28.450168480597803, 49.384279145231581 ], [ 28.44479148112033, 49.385002892899301 ], [ 28.445822409591575, 49.385042369738208 ] ] ] ] } },
{ "type": "Feature", "properties": { "year": 2025, "month": 8, "ref_class": "clearcut" }, "geometry": { "type": "MultiPolygon", "coordinates": [ [ [ [ 28.400828678986898, 49.472659364443523 ], [ 28.405558821384368, 49.470531373626507 ], [ 28.404891750020621, 49.469940248660087 ], [ 28.400262679041894, 49.472068265156231 ], [ 28.400828678986898, 49.472659364443523 ] ] ] ] } },
{ "type": "Feature", "properties": { "year": 2025, "month": 7, "ref_class": "clearcut" }, "geometry": { "type": "MultiPolygon", "coordinates": [ [ [ [ 28.380755895223224, 49.446723102171084 ], [ 28.380877180925726, 49.445513985141929 ], [ 28.383100752138215, 49.446105404805685 ], [ 28.382534752193227, 49.446341970673629 ], [ 28.382110252234472, 49.446723102171092 ], [ 28.380755895223224, 49.446723102171084 ] ] ] ] } },
{ "type": "Feature", "properties": { "year": 2025, "month": 6, "ref_class": "clearcut" }, "geometry": { "type": "MultiPolygon", "coordinates": [ [ [ [ 28.388053251656945, 49.4469596650586 ], [ 28.389549108654435, 49.446985949753412 ], [ 28.389629965789442, 49.445776839206566 ], [ 28.388053251656945, 49.445461414159901 ], [ 28.388053251656945, 49.4469596650586 ] ] ] ] } },
{ "type": "Feature", "properties": { "year": 2025, "month": 7, "ref_class": "clearcut" }, "geometry": { "type": "MultiPolygon", "coordinates": [ [ [ [ 28.388720323020674, 49.457216196915375 ], [ 28.38710318032069, 49.456986253352817 ], [ 28.385455716195064, 49.455849659326724 ], [ 28.387042537469437, 49.455856229310122 ], [ 28.388760751588183, 49.456743168985049 ], [ 28.388720323020674, 49.457216196915375 ] ] ] ] } },
{ "type": "Feature", "properties": { "year": 2025, "month": 10, "ref_class": "clearcut" }, "geometry": { "type": "MultiPolygon", "coordinates": [ [ [ [ 28.373923467315741, 49.460126532190422 ], [ 28.37516664576636, 49.459226514685113 ], [ 28.37409528872762, 49.458490721670543 ], [ 28.372882431702624, 49.459121402073706 ], [ 28.373923467315741, 49.460126532190422 ] ] ] ] } },
{ "type": "Feature", "properties": { "year": 2025, "month": 6, "ref_class": "clearcut" }, "geometry": { "type": "MultiPolygon", "coordinates": [ [ [ [ 28.263665214586258, 49.34788963294303 ], [ 28.261926786183764, 49.345400650093644 ], [ 28.263281143195009, 49.344979222543962 ], [ 28.264958928746246, 49.347507733699452 ], [ 28.263665214586258, 49.34788963294303 ] ] ] ] } },
{ "type": "Feature", "properties": { "year": 2025, "month": 3, "ref_class": "clearcut" }, "geometry": { "type": "MultiPolygon", "coordinates": [ [ [ [ 28.266212214338736, 49.354223460472774 ], [ 28.266899499986231, 49.3532754134485 ], [ 28.267970857024981, 49.351721630201581 ], [ 28.267586785633732, 49.351537279779791 ], [ 28.266798428567487, 49.351603119295454 ], [ 28.266131357203733, 49.35177430162377 ], [ 28.265363214421239, 49.353933781376213 ], [ 28.266212214338736, 49.354223460472774 ] ] ] ] } },
{ "type": "Feature", "properties": { "year": 2025, "month": 4, "ref_class": "clearcut" }, "geometry": { "type": "MultiPolygon", "coordinates": [ [ [ [ 28.178818857107494, 49.297515817778446 ], [ 28.179485928471244, 49.296052553363857 ], [ 28.178131571460003, 49.295683434758402 ], [ 28.177161285840004, 49.297252169741057 ], [ 28.178818857107494, 49.297515817778446 ] ] ] ] } },
{ "type": "Feature", "properties": { "year": 2025, "month": 8, "ref_class": "clearcut" }, "geometry": { "type": "MultiPolygon", "coordinates": [ [ [ [ 28.600433393532558, 49.141649680992444 ], [ 28.59849311277609, 49.13971167172916 ], [ 28.598908887223903, 49.139360328601811 ], [ 28.601230294557539, 49.141162352462167 ], [ 28.600433393532558, 49.141649680992444 ] ] ] ] } },
{ "type": "Feature", "properties": { "year": 2025, "month": 8, "ref_class": "clearcut" }, "geometry": { "type": "MultiPolygon", "coordinates": [ [ [ [ 28.419711774645105, 49.29006855559615 ], [ 28.418429803431007, 49.289586454594364 ], [ 28.418164169756011, 49.289315270709082 ], [ 28.418487549882091, 49.288983821712428 ], [ 28.418937972200563, 49.288900959115104 ], [ 28.419526986001632, 49.28880303041143 ], [ 28.419700225354884, 49.288780431452182 ], [ 28.420289239155966, 49.289857636987946 ], [ 28.419711774645105, 49.29006855559615 ] ] ] ] } },
{ "type": "Feature", "properties": { "year": 2025, "month": 6, "ref_class": "clearcut" }, "geometry": { "type": "MultiPolygon", "coordinates": [ [ [ [ 28.445628381892277, 49.292772753510775 ], [ 28.44696809955747, 49.292757688752232 ], [ 28.447920916000381, 49.291703144213578 ], [ 28.44533387499175, 49.291898989905071 ], [ 28.445489790409678, 49.292682364890439 ], [ 28.445628381892277, 49.292772753510775 ] ] ] ] } },
{ "type": "Feature", "properties": { "year": 2025, "month": 8, "ref_class": "clearcut" }, "geometry": { "type": "MultiPolygon", "coordinates": [ [ [ [ 28.006813704258697, 49.294313478122973 ], [ 28.005531733044599, 49.292957673793083 ], [ 28.006132296135885, 49.292618716883851 ], [ 28.007841591088017, 49.293289096072982 ], [ 28.008211168374963, 49.293213773023226 ], [ 28.008442154179303, 49.293349354429921 ], [ 28.008650041403214, 49.29355272584074 ], [ 28.006813704258697, 49.294313478122973 ] ] ] ] } },
{ "type": "Feature", "properties": { "year": 2025, "month": 7, "ref_class": "clearcut" }, "geometry": { "type": "MultiPolygon", "coordinates": [ [ [ [ 28.480900985015175, 49.51236267113849 ], [ 28.478752817034792, 49.511200348149622 ], [ 28.479457323738043, 49.510637923884794 ], [ 28.480439013406496, 49.511320331155865 ], [ 28.480900985015175, 49.511755267086457 ], [ 28.480900985015175, 49.51236267113849 ] ] ] ] } },
{ "type": "Feature", "properties": { "year": 2025, "month": 6, "ref_class": "clearcut" }, "geometry": { "type": "MultiPolygon", "coordinates": [ [ [ [ 28.458125784707029, 49.518856173933379 ], [ 28.461255642355866, 49.517236628070712 ], [ 28.463634796140585, 49.51638934428302 ], [ 28.463034233049299, 49.515946951339664 ], [ 28.460493389201531, 49.517056675219649 ], [ 28.460100713334157, 49.517071671315854 ], [ 28.457120996458137, 49.518571257715749 ], [ 28.458125784707029, 49.518856173933379 ] ] ] ] } },
{ "type": "Feature", "properties": { "year": 2025, "month": 8, "ref_class": "clearcut" }, "geometry": { "type": "MultiPolygon", "coordinates": [ [ [ [ 28.311236282608697, 49.217511155197265 ], [ 28.312754152173905, 49.216688607053975 ], [ 28.311910891304347, 49.216262639242757 ], [ 28.310482969565218, 49.217019096792328 ], [ 28.311236282608697, 49.217511155197265 ] ] ] ] } },
{ "type": "Feature", "properties": { "year": 2025, "month": 2, "ref_class": "clearcut" }, "geometry": { "type": "MultiPolygon", "coordinates": [ [ [ [ 28.504680947826028, 49.392002612841637 ], [ 28.505636643478201, 49.391900158532991 ], [ 28.508436269565141, 49.391182972389032 ], [ 28.508796060869486, 49.390509686072022 ], [ 28.508616165217315, 49.390458457387524 ], [ 28.506243791304286, 49.390802420387196 ], [ 28.505895243478196, 49.391270791663118 ], [ 28.505467991304286, 49.391592794324851 ], [ 28.504579756521679, 49.391446429740277 ], [ 28.504680947826028, 49.392002612841637 ] ] ] ] } },
{ "type": "Feature", "properties": { "year": 2025, "month": 2, "ref_class": "clearcut" }, "geometry": { "type": "MultiPolygon", "coordinates": [ [ [ [ 28.572108476875677, 49.039276209606456 ], [ 28.571168906146706, 49.038583286200776 ], [ 28.570516426473809, 49.038164105627153 ], [ 28.570177137043895, 49.037702147433862 ], [ 28.571560393950442, 49.037026311976902 ], [ 28.571690889885019, 49.037017757038839 ], [ 28.571782237039223, 49.037650818480842 ], [ 28.572004080128014, 49.037967346180473 ], [ 28.57343953540839, 49.038720160725013 ], [ 28.572108476875677, 49.039276209606456 ] ] ] ] } },
{ "type": "Feature", "properties": { "year": 2025, "month": 6, "ref_class": "road_construction" }, "geometry": { "type": "MultiPolygon", "coordinates": [ [ [ [ 28.275089052964265, 49.431103751975506 ], [ 28.275250901264176, 49.431022782697539 ], [ 28.275300700741077, 49.430941813285884 ], [ 28.275319375544921, 49.430897280052527 ], [ 28.273850290976451, 49.429431709269736 ], [ 28.272798277027018, 49.428435743916637 ], [ 28.271515940496929, 49.427176588046805 ], [ 28.270557300566669, 49.426354677876979 ], [ 28.269636010244078, 49.425601585535077 ], [ 28.269685809720979, 49.425524656096741 ], [ 28.276321590017453, 49.422625543027387 ], [ 28.278743089581546, 49.421524159087468 ], [ 28.278668390366192, 49.421431026223694 ], [ 28.275767570836972, 49.422698427857206 ], [ 28.273850290976451, 49.423500153840038 ], [ 28.269312313644253, 49.42554894961664 ], [ 28.270432801874424, 49.426508534030141 ], [ 28.271204693766322, 49.427172539261981 ], [ 28.273844066041836, 49.429751547512581 ], [ 28.274927204664341, 49.430828455885049 ], [ 28.275089052964265, 49.431103751975506 ] ] ] ] } },
{ "type": "Feature", "properties": { "year": 2025, "month": 6, "ref_class": "road_construction" }, "geometry": { "type": "MultiPolygon", "coordinates": [ [ [ [ 28.271880478421991, 49.415419368298167 ], [ 28.271486385135166, 49.415111705076789 ], [ 28.271857958805601, 49.414913920558938 ], [ 28.271981816695753, 49.415045776992741 ], [ 28.28475043918915, 49.409133865482332 ], [ 28.284817998038314, 49.408694289721296 ], [ 28.28502067458583, 49.408664984530624 ], [ 28.285268390366124, 49.408840815412312 ], [ 28.290425382519544, 49.406481698627687 ], [ 28.289130504577088, 49.405177541938343 ], [ 28.288432396468988, 49.404576738999488 ], [ 28.288387357236211, 49.404137122435429 ], [ 28.288702631865672, 49.403741464162451 ], [ 28.289547117480311, 49.403338475607065 ], [ 28.289625936137682, 49.403463036059165 ], [ 28.288950347645965, 49.403785426350211 ], [ 28.288680112249281, 49.404100487544085 ], [ 28.288601293591917, 49.404444854443582 ], [ 28.288702631865668, 49.404642681144658 ], [ 28.288939087837768, 49.404855160787633 ], [ 28.290763176765395, 49.406532984980558 ], [ 28.285302169790715, 49.409097234319248 ], [ 28.284761698997343, 49.41029872221393 ], [ 28.284007291848258, 49.410672349650532 ], [ 28.284817998038314, 49.409478197079331 ], [ 28.284784218613733, 49.409346325689228 ], [ 28.284733549476858, 49.409335336390754 ], [ 28.277037470575412, 49.412873763374748 ], [ 28.27669967632955, 49.412990973982836 ], [ 28.272173233435058, 49.415056765012899 ], [ 28.272139454010478, 49.415122693082203 ], [ 28.27226331190063, 49.415272862242816 ], [ 28.271880478421991, 49.415419368298167 ] ] ] ] } },
{ "type": "Feature", "properties": { "year": 2025, "month": 5, "ref_class": "thinning" }, "geometry": { "type": "MultiPolygon", "coordinates": [ [ [ [ 28.420968058353822, 49.295283580307157 ], [ 28.420467890029446, 49.292077265244288 ], [ 28.415429609103473, 49.292514863956562 ], [ 28.416478742661912, 49.292880852623796 ], [ 28.41804024377214, 49.293318444202605 ], [ 28.418686802825597, 49.293580997285318 ], [ 28.4193089634242, 49.29370829524629 ], [ 28.419748135611457, 49.294352736128836 ], [ 28.419992120159925, 49.294846006173472 ], [ 28.420419093119751, 49.295084683455222 ], [ 28.420968058353822, 49.295283580307157 ] ] ] ] } },
{ "type": "Feature", "properties": { "year": 2025, "month": 7, "ref_class": "thinning" }, "geometry": { "type": "MultiPolygon", "coordinates": [ [ [ [ 28.417570517292507, 49.407373424525012 ], [ 28.418857748183427, 49.407263938011852 ], [ 28.418908227826204, 49.406864310166746 ], [ 28.418866161457217, 49.406240227299563 ], [ 28.418882988004821, 49.40546284982635 ], [ 28.418462324314977, 49.405512120594921 ], [ 28.417822915506413, 49.405785846186575 ], [ 28.417612583661491, 49.405993876615604 ], [ 28.417570517292507, 49.407373424525012 ] ] ] ] } },
{ "type": "Feature", "properties": { "year": 2025, "month": 5, "ref_class": "thinning" }, "geometry": { "type": "MultiPolygon", "coordinates": [ [ [ [ 28.291411738302816, 49.336945414343653 ], [ 28.288447856495029, 49.332870687926331 ], [ 28.289821362698639, 49.332482040329715 ], [ 28.292712954706236, 49.336521470092137 ], [ 28.291411738302816, 49.336945414343653 ] ] ] ] } },
{ "type": "Feature", "properties": { "year": 2025, "month": 3, "ref_class": "thinning" }, "geometry": { "type": "MultiPolygon", "coordinates": [ [ [ [ 28.239614109197905, 49.45741520223973 ], [ 28.239944260026135, 49.45695442441238 ], [ 28.240191206843921, 49.456974489428283 ], [ 28.240530758718375, 49.456753773801481 ], [ 28.240860021142094, 49.456439419526106 ], [ 28.24139507258063, 49.456319027993047 ], [ 28.240805396904964, 49.455627233679685 ], [ 28.240427671534437, 49.455438359952318 ], [ 28.23998214930252, 49.455746853330524 ], [ 28.239236383827368, 49.455539092697485 ], [ 28.238141948779422, 49.457238926547724 ], [ 28.239614109197905, 49.45741520223973 ] ] ] ] } },
{ "type": "Feature", "properties": { "year": 2025, "month": 6, "ref_class": "clearcut" }, "geometry": { "type": "MultiPolygon", "coordinates": [ [ [ [ 28.36033063491718, 49.307695224510979 ], [ 28.36252394485615, 49.306036796130527 ], [ 28.362365492807324, 49.305721416547705 ], [ 28.362265417829125, 49.305465848853302 ], [ 28.362140324106367, 49.305286406914057 ], [ 28.361873457497822, 49.305096088991668 ], [ 28.361740024193555, 49.305036274635675 ], [ 28.359188112249353, 49.307080796899363 ], [ 28.36033063491718, 49.307695224510979 ] ] ] ] } },
{ "type": "Feature", "properties": { "year": 2025, "month": 5, "ref_class": "thinning" }, "geometry": { "type": "MultiPolygon", "coordinates": [ [ [ [ 28.099267716409525, 49.397242330685692 ], [ 28.100094272952941, 49.39373678127464 ], [ 28.101102490275135, 49.393784075343092 ], [ 28.10033951500429, 49.397526074161071 ], [ 28.099267716409525, 49.397242330685692 ] ] ] ] } },
{ "type": "Feature", "properties": { "year": 2025, "month": 6, "ref_class": "thinning" }, "geometry": { "type": "MultiPolygon", "coordinates": [ [ [ [ 28.246869060374891, 49.457302216858636 ], [ 28.245778378596338, 49.457302216858636 ], [ 28.245716641891889, 49.456238766806749 ], [ 28.245593168482994, 49.456151817039888 ], [ 28.245294774411501, 49.45599798245911 ], [ 28.244955222537047, 49.456071555579733 ], [ 28.244708275719262, 49.456091620957103 ], [ 28.244656828465555, 49.455830770410657 ], [ 28.244697986268516, 49.455703688872276 ], [ 28.244903775283341, 49.455743819919981 ], [ 28.24525361660854, 49.455824081916823 ], [ 28.24565490518744, 49.455911032265107 ], [ 28.246231114428948, 49.456091620957096 ], [ 28.246930797079337, 49.456593252721305 ], [ 28.247362954010462, 49.45695442441238 ], [ 28.246869060374891, 49.457302216858636 ] ] ] ] } },
{ "type": "Feature", "properties": { "year": 2025, "month": 9, "ref_class": "thinning" }, "geometry": { "type": "MultiPolygon", "coordinates": [ [ [ [ 27.995066145815162, 49.486060581227918 ], [ 27.997031430906713, 49.486013790636299 ], [ 27.997021141455964, 49.484315930347854 ], [ 27.997031430906713, 49.484168868812027 ], [ 27.996969694202267, 49.483106001852626 ], [ 27.996661010680029, 49.483072577989176 ], [ 27.994706015039224, 49.483326598779293 ], [ 27.995066145815162, 49.484476360610472 ], [ 27.995066145815162, 49.486060581227918 ] ] ] ] } },
{ "type": "Feature", "properties": { "year": 2025, "month": 6, "ref_class": "thinning" }, "geometry": { "type": "MultiPolygon", "coordinates": [ [ [ [ 28.289538146378373, 49.345306460669619 ], [ 28.290704922711445, 49.344987195259108 ], [ 28.289503143088385, 49.343717714679798 ], [ 28.28846471215196, 49.344090200400608 ], [ 28.289538146378373, 49.345306460669619 ] ] ] ] } },
{ "type": "Feature", "properties": { "year": 2025, "month": 8, "ref_class": "thinning" }, "geometry": { "type": "MultiPolygon", "coordinates": [ [ [ [ 28.275198195728265, 49.353582459708662 ], [ 28.276423310877981, 49.353004837007511 ], [ 28.274346449005122, 49.350800688062868 ], [ 28.273097998328733, 49.351499946010101 ], [ 28.275198195728265, 49.353582459708662 ] ] ] ] } },
{ "type": "Feature", "properties": { "year": 2025, "month": 3, "ref_class": "thinning" }, "geometry": { "type": "MultiPolygon", "coordinates": [ [ [ [ 28.536521869614369, 49.378488506722022 ], [ 28.543650873009398, 49.375974032314694 ], [ 28.539263793997073, 49.376065193755089 ], [ 28.536848566987622, 49.376042403410842 ], [ 28.536521869614369, 49.378488506722022 ] ] ] ] } },
{ "type": "Feature", "properties": { "year": 2025, "month": 5, "ref_class": "thinning" }, "geometry": { "type": "MultiPolygon", "coordinates": [ [ [ [ 27.839118207933712, 49.550397106981528 ], [ 27.838934700523073, 49.55024141845184 ], [ 27.839739309938945, 49.549893407002997 ], [ 27.83707139450739, 49.548446385445573 ], [ 27.839245251525693, 49.547786969000121 ], [ 27.840021629032226, 49.547970141127806 ], [ 27.840501571490815, 49.548244898031605 ], [ 27.840642731037459, 49.548519653390088 ], [ 27.840543919354808, 49.549169901582154 ], [ 27.840558035309474, 49.549646134203748 ], [ 27.840501571490815, 49.549801824630691 ], [ 27.839118207933712, 49.550397106981528 ] ] ] ] } },
{ "type": "Feature", "properties": { "year": 2025, "month": 4, "ref_class": "thinning" }, "geometry": { "type": "MultiPolygon", "coordinates": [ [ [ [ 28.098765921750164, 49.390276201609417 ], [ 28.09681544223837, 49.389741357267006 ], [ 28.098807421314238, 49.387866654860709 ], [ 28.099089618349989, 49.388034138389159 ], [ 28.099056418698719, 49.389141676382863 ], [ 28.098765921750164, 49.390276201609417 ] ] ] ] } },
{ "type": "Feature", "properties": { "year": 2025, "month": 8, "ref_class": "road_construction" }, "geometry": { "type": "MultiPolygon", "coordinates": [ [ [ [ 28.467638947036285, 49.517096439513999 ], [ 28.469282329773879, 49.513512969891103 ], [ 28.469083131866295, 49.513469858883816 ], [ 28.467427299259484, 49.516934784885386 ], [ 28.467638947036285, 49.517096439513999 ] ] ] ] } },
{ "type": "Feature", "properties": { "year": 2025, "month": 5, "ref_class": "thinning" }, "geometry": { "type": "MultiPolygon", "coordinates": [ [ [ [ 28.426815825850234, 49.295574873815923 ], [ 28.426118633173683, 49.292402844075859 ], [ 28.426898824978391, 49.292337885702651 ], [ 28.427463219049887, 49.295509919622688 ], [ 28.426815825850234, 49.295574873815923 ] ] ] ] } },
{ "type": "Feature", "properties": { "year": 2025, "month": 6, "ref_class": "clearcut" }, "geometry": { "type": "MultiPolygon", "coordinates": [ [ [ [ 28.205274552962738, 49.221634143584389 ], [ 28.20705073430538, 49.220701729447789 ], [ 28.206353541628829, 49.220159620118309 ], [ 28.20487615714757, 49.221005308074865 ], [ 28.205274552962738, 49.221634143584389 ] ] ] ] } },
{ "type": "Feature", "properties": { "year": 2025, "month": 4, "ref_class": "thinning" }, "geometry": { "type": "MultiPolygon", "coordinates": [ [ [ [ 28.259445317275844, 49.44946833727542 ], [ 28.260098243750718, 49.449597839335496 ], [ 28.26102783398612, 49.448281219116723 ], [ 28.261603294608037, 49.448468282067871 ], [ 28.263141545116625, 49.445950067087402 ], [ 28.261747159763516, 49.445590311531298 ], [ 28.259445317275844, 49.44946833727542 ] ] ] ] } },
{ "type": "Feature", "properties": { "year": 2025, "month": 7, "ref_class": "blowdown" }, "geometry": { "type": "MultiPolygon", "coordinates": [ [ [ [ 31.986835131233146, 49.618276419288705 ], [ 31.986339467518011, 49.618017045097922 ], [ 31.986310871534446, 49.617837952589042 ], [ 31.98614882762757, 49.617702088867432 ], [ 31.985653163912438, 49.617658859422022 ], [ 31.985395800060349, 49.617590927358883 ], [ 31.985472056016526, 49.617251265622826 ], [ 31.985729419868612, 49.617096873142003 ], [ 31.985834271808351, 49.616837492673056 ], [ 31.985691291890518, 49.616781910964391 ], [ 31.985252820142517, 49.616713977678806 ], [ 31.985252820142517, 49.616510177253907 ], [ 31.98531001210965, 49.616263145293232 ], [ 31.985815207819307, 49.616256969478179 ], [ 31.985815207819307, 49.616436067797203 ], [ 31.985920059759049, 49.616676923119485 ], [ 31.98614882762757, 49.616831316930778 ], [ 31.986377595496094, 49.617035116012687 ], [ 31.986511043419402, 49.617325373839854 ], [ 31.986730279293404, 49.617603278650144 ], [ 31.987044835112624, 49.61785030381769 ], [ 31.987225943008543, 49.617973815931904 ], [ 31.987407050904455, 49.61808497656704 ], [ 31.987235475003065, 49.618313472631847 ], [ 31.986911387189323, 49.618436983572124 ], [ 31.986625427353665, 49.618492563393133 ], [ 31.986406191479659, 49.618381403687735 ], [ 31.986835131233146, 49.618276419288705 ] ] ] ] } },
{ "type": "Feature", "properties": { "year": 2025, "month": 7, "ref_class": "blowdown" }, "geometry": { "type": "MultiPolygon", "coordinates": [ [ [ [ 31.988417442323772, 49.616707801920889 ], [ 31.989380173770481, 49.616374309830483 ], [ 31.989437365737615, 49.616121101348831 ], [ 31.989532685682828, 49.615929650160012 ], [ 31.989790049534918, 49.615707318803352 ], [ 31.99090529289397, 49.61490444712642 ], [ 31.990447757156925, 49.614700639134327 ], [ 31.990585129381344, 49.614313014045734 ], [ 31.991380280371157, 49.614131912436797 ], [ 31.99096583803707, 49.613854013831748 ], [ 31.990609224865882, 49.613763462258618 ], [ 31.990556214799891, 49.614138157331077 ], [ 31.990021295043114, 49.614135034884036 ], [ 31.99002834939796, 49.614472126129691 ], [ 31.989170469890997, 49.615015614762882 ], [ 31.989580345655433, 49.615194717643817 ], [ 31.989427833743086, 49.615386171719734 ], [ 31.98883685008273, 49.615398523569773 ], [ 31.988636678197775, 49.615540569620229 ], [ 31.98870340215943, 49.615837012217995 ], [ 31.988693870164902, 49.615904946726012 ], [ 31.988884510055343, 49.615911122585693 ], [ 31.988884510055343, 49.616121101348817 ], [ 31.988884510055343, 49.616256969478165 ], [ 31.988369782351157, 49.616281672733713 ], [ 31.988417442323772, 49.616707801920889 ] ] ] ] } },
{ "type": "Feature", "properties": { "year": 2025, "month": 7, "ref_class": "thinning" }, "geometry": { "type": "MultiPolygon", "coordinates": [ [ [ [ 31.971368378073766, 49.615883964204833 ], [ 31.970241311784402, 49.615891379750082 ], [ 31.969084126139354, 49.616100966010251 ], [ 31.96999614022921, 49.614912518019175 ], [ 31.970593708245797, 49.614113177749218 ], [ 31.970742497862819, 49.613935002704018 ], [ 31.970928936674451, 49.613690279291035 ], [ 31.971566563434084, 49.614097175197841 ], [ 31.9721472646115, 49.61434462869731 ], [ 31.972726158627562, 49.614587787615626 ], [ 31.972851455147168, 49.614341115959256 ], [ 31.973158672575128, 49.614335261395283 ], [ 31.973245416319472, 49.614803624290836 ], [ 31.973640582265933, 49.615115863720703 ], [ 31.9738670798206, 49.615599830883689 ], [ 31.97301891876479, 49.615943288535377 ], [ 31.972970727795715, 49.616374168348074 ], [ 31.972590621527026, 49.61647993627043 ], [ 31.971759929697576, 49.615988562317987 ], [ 31.971368378073766, 49.615883964204833 ] ] ] ] } },
{ "type": "Feature", "properties": { "year": 2025, "month": 5, "ref_class": "clearcut" }, "geometry": { "type": "MultiPolygon", "coordinates": [ [ [ [ 31.838607850420992, 49.43487034595892 ], [ 31.838417210530555, 49.434523213585592 ], [ 31.838188442662027, 49.434374441816374 ], [ 31.837349627144107, 49.43447362304601 ], [ 31.837311499166017, 49.434064499181225 ], [ 31.83727337118793, 49.433630576201622 ], [ 31.83736869113315, 49.432998281559229 ], [ 31.83803593074968, 49.433035475587353 ], [ 31.838321890585334, 49.433060271590435 ], [ 31.83820750665107, 49.433419812226454 ], [ 31.838417210530555, 49.433791748042147 ], [ 31.838874746267603, 49.433531393267302 ], [ 31.839256026048478, 49.43317185344916 ], [ 31.839313218015608, 49.433035475587353 ], [ 31.84001858561022, 49.433295832994496 ], [ 31.840075777577354, 49.433977714892393 ], [ 31.839923265665, 49.434523213585599 ], [ 31.839961393643097, 49.434585201689586 ], [ 31.838607850420992, 49.43487034595892 ] ] ] ] } },
{ "type": "Feature", "properties": { "year": 2025, "month": 6, "ref_class": "clearcut" }, "geometry": { "type": "MultiPolygon", "coordinates": [ [ [ [ 31.838607850420992, 49.43487034595892 ], [ 31.838097888714067, 49.435093501187289 ], [ 31.837716608933192, 49.435260866942265 ], [ 31.837163753250927, 49.435298059254706 ], [ 31.837201881229007, 49.4335654874236 ], [ 31.837270988189285, 49.432880500284128 ], [ 31.839482410918365, 49.432936291449693 ], [ 31.84001858561022, 49.433295832994496 ], [ 31.839313218015608, 49.433035475587353 ], [ 31.839256026048478, 49.43317185344916 ], [ 31.838874746267603, 49.433531393267302 ], [ 31.838417210530555, 49.433791748042147 ], [ 31.83820750665107, 49.433419812226454 ], [ 31.838321890585334, 49.433060271590435 ], [ 31.83803593074968, 49.433035475587353 ], [ 31.83736869113315, 49.432998281559229 ], [ 31.83727337118793, 49.433630576201622 ], [ 31.837349627144107, 49.43447362304601 ], [ 31.838188442662027, 49.434374441816374 ], [ 31.838417210530555, 49.434523213585592 ], [ 31.838607850420992, 49.43487034595892 ] ] ] ] } },
{ "type": "Feature", "properties": { "year": 2025, "month": 6, "ref_class": "thinning" }, "geometry": { "type": "MultiPolygon", "coordinates": [ [ [ [ 31.837741687504924, 49.427780060772982 ], [ 31.837765582040824, 49.426519464284425 ], [ 31.838045793755061, 49.426540648485165 ], [ 31.838849504770888, 49.427420304751571 ], [ 31.838822671238919, 49.428155626075572 ], [ 31.837741687504924, 49.427780060772982 ] ] ] ] } },
{ "type": "Feature", "properties": { "year": 2025, "month": 4, "ref_class": "clearcut" }, "geometry": { "type": "MultiPolygon", "coordinates": [ [ [ [ 31.964531591701455, 49.471430721338635 ], [ 31.965311702052407, 49.471030802843373 ], [ 31.965814439834137, 49.471205415545683 ], [ 31.965892450869241, 49.471256109439466 ], [ 31.965935790333173, 49.471808106220216 ], [ 31.965849111405298, 49.47197708358302 ], [ 31.965476392015397, 49.47184190173941 ], [ 31.9653983809803, 49.47193202300992 ], [ 31.965450388337025, 49.472044674364923 ], [ 31.96505166526876, 49.472157325460856 ], [ 31.964722285342798, 49.472337566675449 ], [ 31.964479584344723, 49.472298138966423 ], [ 31.964531591701455, 49.471430721338635 ] ] ] ] } },
{ "type": "Feature", "properties": { "year": 2025, "month": 5, "ref_class": "clearcut" }, "geometry": { "type": "MultiPolygon", "coordinates": [ [ [ [ 31.965450388337025, 49.472044674364923 ], [ 31.966126483974531, 49.472013695268139 ], [ 31.966412524436549, 49.471867248363523 ], [ 31.966811247504811, 49.471833452861802 ], [ 31.967218638465869, 49.471709535822711 ], [ 31.967296649500966, 49.471546190155891 ], [ 31.967114623752405, 49.471315252249212 ], [ 31.96698460536058, 49.471084313253776 ], [ 31.966785243826443, 49.470920965502046 ], [ 31.966637889649043, 49.470949128946387 ], [ 31.966178491331259, 49.471022353825845 ], [ 31.965909786654816, 49.47108431325379 ], [ 31.965814439834137, 49.471205415545683 ], [ 31.965892450869241, 49.471256109439466 ], [ 31.965935790333173, 49.471808106220216 ], [ 31.965849111405298, 49.47197708358302 ], [ 31.965476392015397, 49.47184190173941 ], [ 31.9653983809803, 49.47193202300992 ], [ 31.965450388337025, 49.472044674364923 ] ] ] ] } },
{ "type": "Feature", "properties": { "year": 2025, "month": 6, "ref_class": "clearcut" }, "geometry": { "type": "MultiPolygon", "coordinates": [ [ [ [ 31.964722285342798, 49.472337566675449 ], [ 31.96494765055532, 49.472565683511796 ], [ 31.964717951396423, 49.47267833340954 ], [ 31.964657276146905, 49.472841675301019 ], [ 31.964700615610848, 49.472954324564022 ], [ 31.965003991858442, 49.473157092584536 ], [ 31.965246692856518, 49.473005016647832 ], [ 31.96545472228344, 49.47289236750143 ], [ 31.964999657912053, 49.472593846010533 ], [ 31.965229357070935, 49.472396708179488 ], [ 31.965619412246411, 49.472306587763889 ], [ 31.965792770102183, 49.472362913043064 ], [ 31.96599213163632, 49.472633273481513 ], [ 31.966087478456991, 49.472723393296064 ], [ 31.966477533632467, 49.472712128328318 ], [ 31.966598884131503, 49.472740290742834 ], [ 31.96640819049016, 49.473213416885699 ], [ 31.966555544667564, 49.473292270798567 ], [ 31.967266311876223, 49.473281005961638 ], [ 31.967431001839199, 49.47324721143535 ], [ 31.96752634865987, 49.47301064909837 ], [ 31.967439669731984, 49.472802247997784 ], [ 31.967431001839199, 49.472622008493062 ], [ 31.967682370730063, 49.472622008493069 ], [ 31.967873064371407, 49.472700863357986 ], [ 31.968679178400738, 49.473433081041463 ], [ 31.968726851811077, 49.473486588827612 ], [ 31.969129908825735, 49.473486588827612 ], [ 31.969272929056746, 49.473371124584467 ], [ 31.967513346820695, 49.471540557537004 ], [ 31.967296649500966, 49.471546190155891 ], [ 31.964722285342798, 49.472337566675449 ] ] ] ] } },
{ "type": "Feature", "properties": { "year": 2025, "month": 7, "ref_class": "clearcut" }, "geometry": { "type": "MultiPolygon", "coordinates": [ [ [ [ 31.965246692856518, 49.473005016647832 ], [ 31.966005133475502, 49.473244395223766 ], [ 31.966555544667564, 49.473292270798567 ], [ 31.96640819049016, 49.473213416885699 ], [ 31.966598884131503, 49.472740290742834 ], [ 31.966477533632467, 49.472712128328318 ], [ 31.966087478456991, 49.472723393296064 ], [ 31.96599213163632, 49.472633273481513 ], [ 31.965792770102183, 49.472362913043064 ], [ 31.965619412246411, 49.472306587763889 ], [ 31.965229357070935, 49.472396708179488 ], [ 31.964999657912053, 49.472593846010533 ], [ 31.96545472228344, 49.47289236750143 ], [ 31.965246692856518, 49.473005016647832 ] ] ] ] } },
{ "type": "Feature", "properties": { "year": 2025, "month": 4, "ref_class": "clearcut" }, "geometry": { "type": "MultiPolygon", "coordinates": [ [ [ [ 31.967266311876223, 49.473281005961638 ], [ 31.967153629269976, 49.473441529643189 ], [ 31.967795053336324, 49.473678089899188 ], [ 31.966720234630561, 49.474185000886251 ], [ 31.96573209485268, 49.474736964661354 ], [ 31.965298700213257, 49.474793287145808 ], [ 31.96498665607287, 49.474489144960344 ], [ 31.964743955074795, 49.474027295808007 ], [ 31.964258553078647, 49.473666825151 ], [ 31.963721143725763, 49.47373441360125 ], [ 31.963669136369031, 49.474263853234959 ], [ 31.96394650893826, 49.474748229163424 ], [ 31.964102531008454, 49.475029840873255 ], [ 31.96441457514884, 49.475446623232273 ], [ 31.965333371784414, 49.475029840873241 ], [ 31.965974795850762, 49.475119956278412 ], [ 31.967274979769023, 49.475818345046726 ], [ 31.967743045979596, 49.476009837001634 ], [ 31.967153629269987, 49.476302705602116 ], [ 31.967881732264214, 49.476820853451287 ], [ 31.968575163687287, 49.476527987949233 ], [ 31.968020418548832, 49.476111214792297 ], [ 31.967812389121907, 49.475885930528058 ], [ 31.968644506829598, 49.475480416241076 ], [ 31.967985746977675, 49.474376499227205 ], [ 31.968150436940661, 49.474249772467715 ], [ 31.967829724907485, 49.473999134133472 ], [ 31.967994414870454, 49.473672457525417 ], [ 31.968310792957229, 49.473497853617303 ], [ 31.967266311876223, 49.473281005961638 ] ] ] ] } },
{ "type": "Feature", "properties": { "year": 2025, "month": 5, "ref_class": "clearcut" }, "geometry": { "type": "MultiPolygon", "coordinates": [ [ [ [ 31.96968209049788, 49.477273630556645 ], [ 31.970308018040253, 49.476926449661967 ], [ 31.969865288802961, 49.476410633502425 ], [ 31.969376759989409, 49.476073366153088 ], [ 31.969819489226694, 49.475855133101199 ], [ 31.969010363379237, 49.474704433655667 ], [ 31.968339351072238, 49.474969054485008 ], [ 31.968644506829598, 49.475480416241076 ], [ 31.967812389121907, 49.475885930528058 ], [ 31.968020418548832, 49.476111214792297 ], [ 31.968575163687287, 49.476527987949233 ], [ 31.96968209049788, 49.477273630556645 ] ] ] ] } },
{ "type": "Feature", "properties": { "year": 2025, "month": 4, "ref_class": "clearcut" }, "geometry": { "type": "MultiPolygon", "coordinates": [ [ [ [ 31.967881732264214, 49.476820853451287 ], [ 31.968063838803001, 49.477207914361827 ], [ 31.968216504057242, 49.47749061736598 ], [ 31.968621066980969, 49.477689004464679 ], [ 31.968743199184356, 49.477817955647879 ], [ 31.968918764226732, 49.478065937738137 ], [ 31.968934030752152, 49.478085776251135 ], [ 31.970720214226716, 49.477748520437565 ], [ 31.970353817616544, 49.47744102046574 ], [ 31.97021641888773, 49.477059122651532 ], [ 31.97046449992586, 49.476952488314417 ], [ 31.971395757976712, 49.476925209725771 ], [ 31.971655288908909, 49.476915290235219 ], [ 31.971838487214001, 49.477193035211144 ], [ 31.971838487214001, 49.47752037548203 ], [ 31.971853753739421, 49.477718762460164 ], [ 31.971830853951285, 49.477822915301971 ], [ 31.972120917934333, 49.477822915301978 ], [ 31.972488745781263, 49.476993716152506 ], [ 31.972534545357526, 49.476895451248076 ], [ 31.971526954679547, 49.475824134009237 ], [ 31.971404822476163, 49.47568525783656 ], [ 31.969756037730392, 49.473914552116909 ], [ 31.96965680531514, 49.474023673087807 ], [ 31.969450707221913, 49.474286554428481 ], [ 31.969305675230387, 49.474326234508283 ], [ 31.969010363379237, 49.474704433655667 ], [ 31.969819489226694, 49.475855133101199 ], [ 31.969376759989409, 49.476073366153088 ], [ 31.969865288802961, 49.476410633502425 ], [ 31.970308018040253, 49.476926449661967 ], [ 31.96968209049788, 49.477273630556645 ], [ 31.968575163687287, 49.476527987949233 ], [ 31.967881732264214, 49.476820853451287 ] ] ] ] } },
{ "type": "Feature", "properties": { "year": 2025, "month": 6, "ref_class": "clearcut" }, "geometry": { "type": "MultiPolygon", "coordinates": [ [ [ [ 31.969305675230387, 49.474326234508283 ], [ 31.968798063260039, 49.474519674437033 ], [ 31.968599598429527, 49.474410554571193 ], [ 31.968500366014275, 49.47404351323825 ], [ 31.968836229573601, 49.473765750401228 ], [ 31.969385824488857, 49.473607028072855 ], [ 31.969431624065123, 49.473562387325323 ], [ 31.969272929056746, 49.473371124584467 ], [ 31.969129908825735, 49.473486588827612 ], [ 31.968726851811077, 49.473486588827612 ], [ 31.968310792957229, 49.473497853617303 ], [ 31.967994414870454, 49.473672457525417 ], [ 31.967829724907485, 49.473999134133472 ], [ 31.968150436940661, 49.474249772467715 ], [ 31.967985746977675, 49.474376499227205 ], [ 31.968339351072238, 49.474969054485008 ], [ 31.969010363379237, 49.474704433655667 ], [ 31.969305675230387, 49.474326234508283 ] ] ] ] } },
{ "type": "Feature", "properties": { "year": 2025, "month": 6, "ref_class": "clearcut" }, "geometry": { "type": "MultiPolygon", "coordinates": [ [ [ [ 31.970720214226716, 49.477748520437565 ], [ 31.970353817616544, 49.47744102046574 ], [ 31.97021641888773, 49.477059122651532 ], [ 31.97046449992586, 49.476952488314417 ], [ 31.971395757976712, 49.476925209725771 ], [ 31.971655288908909, 49.476915290235219 ], [ 31.971838487214001, 49.477193035211144 ], [ 31.971838487214001, 49.47752037548203 ], [ 31.971853753739421, 49.477718762460164 ], [ 31.971830853951285, 49.477822915301971 ], [ 31.971771219086339, 49.477817955647886 ], [ 31.971210174277008, 49.477674125460169 ], [ 31.970720214226716, 49.477748520437565 ] ] ] ] } },
{ "type": "Feature", "properties": { "year": 2025, "month": 6, "ref_class": "clearcut" }, "geometry": { "type": "MultiPolygon", "coordinates": [ [ [ [ 31.967266311876223, 49.473281005961638 ], [ 31.967266311876223, 49.473281005961638 ], [ 31.968310792957229, 49.473497853617303 ], [ 31.968726851811077, 49.473486588827612 ], [ 31.967873064371407, 49.472700863357986 ], [ 31.967682370730063, 49.472622008493069 ], [ 31.967431001839199, 49.472622008493062 ], [ 31.967439669731984, 49.472802247997784 ], [ 31.96752634865987, 49.47301064909837 ], [ 31.967431001839199, 49.47324721143535 ], [ 31.967266311876223, 49.473281005961638 ] ] ] ] } },
{ "type": "Feature", "properties": { "year": 2025, "month": 8, "ref_class": "clearcut" }, "geometry": { "type": "MultiPolygon", "coordinates": [ [ [ [ 31.88947868851135, 49.406287942929907 ], [ 31.889836905432553, 49.406224373301619 ], [ 31.890634752211596, 49.406595194972972 ], [ 31.891155795006082, 49.406722333186991 ], [ 31.892718923389516, 49.40634091755728 ], [ 31.894396029884248, 49.406298537859939 ], [ 31.894829044940995, 49.405437361242633 ], [ 31.893669673840222, 49.403975544745542 ], [ 31.893189337514073, 49.404166262118409 ], [ 31.89313234845843, 49.404028521867879 ], [ 31.893083500696445, 49.403657680811278 ], [ 31.891886730527904, 49.404171559812639 ], [ 31.890093610598516, 49.404603319970562 ], [ 31.890221835973726, 49.405303928835067 ], [ 31.890221835973726, 49.405664162393627 ], [ 31.88947868851135, 49.406287942929907 ] ] ] ] } },
{ "type": "Feature", "properties": { "year": 2025, "month": 8, "ref_class": "clearcut" }, "geometry": { "type": "MultiPolygon", "coordinates": [ [ [ [ 31.891506125049101, 49.397844381210554 ], [ 31.890569876277802, 49.397235064125233 ], [ 31.890700136976417, 49.397113199801026 ], [ 31.892466797701395, 49.397468195033326 ], [ 31.891506125049101, 49.397844381210554 ] ] ] ] } },
{ "type": "Feature", "properties": { "year": 2025, "month": 4, "ref_class": "clearcut" }, "geometry": { "type": "MultiPolygon", "coordinates": [ [ [ [ 31.856913768272797, 49.490292043129351 ], [ 31.856368301597342, 49.490281466335965 ], [ 31.854943575206228, 49.490494323863359 ], [ 31.8547481841583, 49.490610667959196 ], [ 31.854845879682269, 49.490853931993243 ], [ 31.855725139397926, 49.491181807691639 ], [ 31.856360160303677, 49.491255843835724 ], [ 31.856783507574178, 49.491329879867834 ], [ 31.857483658829242, 49.491393339234797 ], [ 31.858395483719555, 49.491446221977746 ], [ 31.858167527496978, 49.49082220197041 ], [ 31.858167527496978, 49.490727011778475 ], [ 31.858509461830845, 49.490695281673347 ], [ 31.859063069799962, 49.490716435079065 ], [ 31.859307308609868, 49.490832778646997 ], [ 31.859616677769083, 49.491562563811165 ], [ 31.859486417070467, 49.491551987292283 ], [ 31.859486417070467, 49.491731787802514 ], [ 31.860088872801565, 49.491583716842086 ], [ 31.861000697691875, 49.491298150153504 ], [ 31.861212371327131, 49.491128924663023 ], [ 31.86131006685109, 49.490896238658387 ], [ 31.861261219089101, 49.490420286567506 ], [ 31.861098393215844, 49.48961644586192 ], [ 31.861045474807032, 49.48936259868622 ], [ 31.860984415104554, 49.489201299276068 ], [ 31.86002374245226, 49.48905057639606 ], [ 31.859364297665518, 49.488846967558167 ], [ 31.859250319554231, 49.488714753573589 ], [ 31.858965374276011, 49.488923651505637 ], [ 31.859449781248983, 49.489312357943341 ], [ 31.859343944431362, 49.489460435774419 ], [ 31.859172977264425, 49.489502743643875 ], [ 31.859274743435218, 49.489703705524533 ], [ 31.858835113577388, 49.489767166999656 ], [ 31.858248940433612, 49.489878224383162 ], [ 31.857597636940532, 49.490100338394306 ], [ 31.857524365297561, 49.490200818211129 ], [ 31.857711615051826, 49.490412353993463 ], [ 31.857825593163113, 49.490608023778243 ], [ 31.85788258221876, 49.49071907925412 ], [ 31.857858158337763, 49.490840711152892 ], [ 31.857483658829242, 49.490909459483738 ], [ 31.857158007082706, 49.490909459483746 ], [ 31.85706641752898, 49.490896238658387 ], [ 31.857044028971405, 49.490851287825457 ], [ 31.856913768272797, 49.490292043129351 ] ] ] ] } },
{ "type": "Feature", "properties": { "year": 2025, "month": 6, "ref_class": "clearcut" }, "geometry": { "type": "MultiPolygon", "coordinates": [ [ [ [ 31.856368301597342, 49.490281466335965 ], [ 31.856107780200105, 49.490106948914885 ], [ 31.856384584184664, 49.489683873796658 ], [ 31.856702094637527, 49.489514642725567 ], [ 31.857060311558726, 49.489414161500285 ], [ 31.857817451869433, 49.488964637704129 ], [ 31.858086114560326, 49.488858866799262 ], [ 31.858599016061131, 49.489281949047566 ], [ 31.859172977264425, 49.489502743643875 ], [ 31.859274743435218, 49.489703705524533 ], [ 31.858835113577388, 49.489767166999656 ], [ 31.858248940433612, 49.489878224383162 ], [ 31.857597636940532, 49.490100338394306 ], [ 31.857524365297561, 49.490200818211129 ], [ 31.857331009573052, 49.490314518807736 ], [ 31.856913768272797, 49.490292043129351 ], [ 31.856368301597342, 49.490281466335965 ] ] ] ] } },
{ "type": "Feature", "properties": { "year": 2025, "month": 3, "ref_class": "clearcut" }, "geometry": { "type": "MultiPolygon", "coordinates": [ [ [ [ 31.725809792372871, 49.518890275537807 ], [ 31.724736063559305, 49.518953011064653 ], [ 31.724263622881342, 49.518987864100339 ], [ 31.723791182203374, 49.519329422535584 ], [ 31.722717453389812, 49.519622185009901 ], [ 31.722373860169473, 49.519859181919649 ], [ 31.722116165254224, 49.520054354982875 ], [ 31.721568563559305, 49.520263468114777 ], [ 31.721053173728794, 49.520054354982896 ], [ 31.720645156779639, 49.520096177680806 ], [ 31.720677368644047, 49.520249527267175 ], [ 31.720494834745743, 49.52040984677506 ], [ 31.720269351694899, 49.520744424924565 ], [ 31.720290826271167, 49.521065060169697 ], [ 31.720269351694899, 49.521281139257759 ], [ 31.720505572033876, 49.521532068613361 ], [ 31.721192758474558, 49.521371752784717 ], [ 31.723018097457608, 49.521894519853696 ], [ 31.72294293644066, 49.521985132243984 ], [ 31.72236312288134, 49.522208177412409 ], [ 31.722277224576256, 49.522340609999773 ], [ 31.722019529660994, 49.522375460621021 ], [ 31.72169741101693, 49.522326669744295 ], [ 31.721450453389821, 49.52248698244216 ], [ 31.7216544618644, 49.522779726012494 ], [ 31.722073216101684, 49.522821546379461 ], [ 31.723050309322026, 49.522521832959136 ], [ 31.725670207627108, 49.522180296821979 ], [ 31.725605783898295, 49.521803907295485 ], [ 31.725412512711859, 49.521406604096519 ], [ 31.725299771186425, 49.520441213573804 ], [ 31.723957610169482, 49.5212846243965 ], [ 31.723098627118635, 49.521082485937988 ], [ 31.722722822033884, 49.520901257644098 ], [ 31.722658398305075, 49.520685176877372 ], [ 31.723517381355922, 49.520197249053091 ], [ 31.724333415254225, 49.519995106099579 ], [ 31.725299771186425, 49.520441213573804 ], [ 31.725376293565454, 49.521096466493965 ], [ 31.72649697881355, 49.520697375010606 ], [ 31.727001631355922, 49.520272181142559 ], [ 31.727076792372873, 49.519958511165228 ], [ 31.726947944915246, 49.519219636155853 ], [ 31.725809792372871, 49.518890275537807 ] ] ] ] } },
{ "type": "Feature", "properties": { "year": 2025, "month": 8, "ref_class": "clearcut" }, "geometry": { "type": "MultiPolygon", "coordinates": [ [ [ [ 31.930078209745769, 49.495170974627442 ], [ 31.930822713135598, 49.494842397995484 ], [ 31.931614941101703, 49.494544817255459 ], [ 31.931023156355938, 49.493968249423006 ], [ 31.930794078389834, 49.49383805574665 ], [ 31.93088952754238, 49.493162283005709 ], [ 31.932273540254233, 49.493193281959456 ], [ 31.932531252966115, 49.493168482797934 ], [ 31.932731696186451, 49.492412102338399 ], [ 31.932559887711871, 49.491990508156853 ], [ 31.932235360593232, 49.491531710362764 ], [ 31.931672210593234, 49.491023307784396 ], [ 31.932182863559362, 49.490478474160007 ], [ 31.931932309533941, 49.490469173960122 ], [ 31.931345297245805, 49.490655177621527 ], [ 31.930610338771235, 49.49065517762152 ], [ 31.929970829449196, 49.490760579382602 ], [ 31.929321775211914, 49.490717178684939 ], [ 31.929254960805132, 49.490475374093556 ], [ 31.929006793008526, 49.490345171126549 ], [ 31.928567726906834, 49.490394772297655 ], [ 31.927517786228869, 49.490717178684925 ], [ 31.927119286016957, 49.490539700431668 ], [ 31.927071561440691, 49.49081870525675 ], [ 31.92689020805086, 49.491159708994523 ], [ 31.926852028389842, 49.491296109824511 ], [ 31.927348363983061, 49.491444910296423 ], [ 31.927606076694925, 49.491773509736227 ], [ 31.928417394491543, 49.492629097928216 ], [ 31.928465119067809, 49.49291429066885 ], [ 31.928942364830519, 49.493273879147345 ], [ 31.929133263135608, 49.493980648802669 ], [ 31.930078209745769, 49.495170974627442 ] ] ] ] } },
{ "type": "Feature", "properties": { "year": 2025, "month": 5, "ref_class": "clearcut" }, "geometry": { "type": "MultiPolygon", "coordinates": [ [ [ [ 31.932578977542363, 49.494148040120997 ], [ 31.933103947881346, 49.493937250960037 ], [ 31.93285578008474, 49.493397874561914 ], [ 31.93411570889829, 49.492914290668871 ], [ 31.933142127542364, 49.491699110056267 ], [ 31.93411570889829, 49.491302309853204 ], [ 31.93313363070159, 49.490278870135064 ], [ 31.931672210593234, 49.491023307784396 ], [ 31.932235360593232, 49.491531710362764 ], [ 31.932559887711871, 49.491990508156853 ], [ 31.932731696186451, 49.492412102338399 ], [ 31.932531252966115, 49.493168482797934 ], [ 31.932273540254233, 49.493193281959456 ], [ 31.93250261822033, 49.493962049731977 ], [ 31.932578977542363, 49.494148040120997 ] ] ] ] } },
{ "type": "Feature", "properties": { "year": 2025, "month": 6, "ref_class": "clearcut" }, "geometry": { "type": "MultiPolygon", "coordinates": [ [ [ [ 31.93313363070159, 49.490278870135064 ], [ 31.931462222457629, 49.488537019126305 ], [ 31.930139493608451, 49.488947960605806 ], [ 31.930856120339019, 49.489458541714171 ], [ 31.930909044912827, 49.489616160425314 ], [ 31.930894300000041, 49.489793354708027 ], [ 31.930817940678008, 49.489991761327524 ], [ 31.930541138135631, 49.490010361906862 ], [ 31.930044802542412, 49.489966960544081 ], [ 31.929357568644114, 49.490016562098404 ], [ 31.928767194252856, 49.490214630911929 ], [ 31.930383647033945, 49.490236668389485 ], [ 31.930927707203438, 49.490366871645115 ], [ 31.931166330084789, 49.49047847416 ], [ 31.931605396186491, 49.490391672225975 ], [ 31.932311719915297, 49.490410272653364 ], [ 31.932364249825245, 49.490670789029622 ], [ 31.93313363070159, 49.490278870135064 ] ] ] ] } },
{ "type": "Feature", "properties": { "year": 2025, "month": 7, "ref_class": "clearcut" }, "geometry": { "type": "MultiPolygon", "coordinates": [ [ [ [ 31.931672210593234, 49.491023307784396 ], [ 31.932364249825245, 49.490670789029622 ], [ 31.932311719915297, 49.490410272653364 ], [ 31.931605396186491, 49.490391672225975 ], [ 31.931166330084789, 49.49047847416 ], [ 31.930927707203438, 49.490366871645115 ], [ 31.930383647033945, 49.490236668389485 ], [ 31.928767194252856, 49.490214630911929 ], [ 31.928488981355979, 49.490307970215241 ], [ 31.927949693644077, 49.489628273587591 ], [ 31.926976112288148, 49.489888682988912 ], [ 31.926871118220351, 49.490266894176202 ], [ 31.927119286016957, 49.490539700431668 ], [ 31.927517786228869, 49.490717178684925 ], [ 31.928567726906834, 49.490394772297655 ], [ 31.929006793008526, 49.490345171126549 ], [ 31.929254960805132, 49.490475374093556 ], [ 31.929321775211914, 49.490717178684939 ], [ 31.929970829449196, 49.490760579382602 ], [ 31.930610338771235, 49.49065517762152 ], [ 31.931345297245805, 49.490655177621527 ], [ 31.931727093855976, 49.490531175259129 ], [ 31.931932309533941, 49.490469173960122 ], [ 31.932182863559362, 49.490478474160007 ], [ 31.931672210593234, 49.491023307784396 ] ] ] ] } },
{ "type": "Feature", "properties": { "year": 2025, "month": 7, "ref_class": "clearcut" }, "geometry": { "type": "MultiPolygon", "coordinates": [ [ [ [ 31.79337627620588, 49.409553228376211 ], [ 31.793577548447953, 49.409463939224487 ], [ 31.794538165966927, 49.40941631827716 ], [ 31.794565612181756, 49.409124638966802 ], [ 31.794272852556922, 49.409053207034795 ], [ 31.793787969428305, 49.408940106263216 ], [ 31.79352265601829, 49.409011538359792 ], [ 31.793385424944155, 49.409207976089462 ], [ 31.792900541815531, 49.408922248222844 ], [ 31.792699269573458, 49.409219881381141 ], [ 31.792470551116562, 49.409517512735007 ], [ 31.792159494015177, 49.409678232915802 ], [ 31.791894180605173, 49.409696090681187 ], [ 31.791628867195168, 49.409702043268211 ], [ 31.7914641899062, 49.409606801789302 ], [ 31.791326958832066, 49.409529417951632 ], [ 31.791400148738273, 49.409202023442525 ], [ 31.791308661355515, 49.409100828334353 ], [ 31.791134835328268, 49.409035349035555 ], [ 31.789861679103556, 49.40978973154801 ], [ 31.789274655734072, 49.410151028136042 ], [ 31.789512638181158, 49.410147587228728 ], [ 31.790229110238943, 49.41025563070604 ], [ 31.790649952199637, 49.410303250839192 ], [ 31.790823778226883, 49.410237773144182 ], [ 31.791299512617233, 49.4101901529475 ], [ 31.791994816726206, 49.410315155865277 ], [ 31.792068006632416, 49.410487778418862 ], [ 31.792287576351036, 49.410344918417806 ], [ 31.792580335975863, 49.41007110225371 ], [ 31.792882244338973, 49.410213963051618 ], [ 31.79337627620588, 49.409553228376211 ] ] ] ] } },
{ "type": "Feature", "properties": { "year": 2025, "month": 8, "ref_class": "clearcut" }, "geometry": { "type": "MultiPolygon", "coordinates": [ [ [ [ 31.789512638181158, 49.410147587228728 ], [ 31.789274655734072, 49.410151028136042 ], [ 31.788018637263352, 49.410935548714299 ], [ 31.788010541207029, 49.411050285631738 ], [ 31.788550316765313, 49.411121714657881 ], [ 31.79206343226328, 49.411216953197716 ], [ 31.792127473431215, 49.410943141897668 ], [ 31.792882244338973, 49.410213963051618 ], [ 31.792580335975863, 49.41007110225371 ], [ 31.792287576351036, 49.410344918417806 ], [ 31.792068006632416, 49.410487778418862 ], [ 31.791994816726206, 49.410315155865277 ], [ 31.791299512617233, 49.4101901529475 ], [ 31.790823778226883, 49.410237773144182 ], [ 31.790649952199637, 49.410303250839192 ], [ 31.789512638181158, 49.410147587228728 ] ] ] ] } },
{ "type": "Feature", "properties": { "year": 2025, "month": 8, "ref_class": "clearcut" }, "geometry": { "type": "MultiPolygon", "coordinates": [ [ [ [ 31.791134835328268, 49.409035349035555 ], [ 31.791308661355515, 49.409100828334353 ], [ 31.791400148738273, 49.409202023442525 ], [ 31.791326958832066, 49.409529417951632 ], [ 31.791628867195168, 49.409702043268211 ], [ 31.791894180605173, 49.409696090681187 ], [ 31.792159494015177, 49.409678232915802 ], [ 31.792470551116562, 49.409517512735007 ], [ 31.792699269573458, 49.409219881381141 ], [ 31.792900541815531, 49.408922248222844 ], [ 31.793385424944155, 49.409207976089462 ], [ 31.79352265601829, 49.409011538359792 ], [ 31.793787969428305, 49.408940106263216 ], [ 31.794272852556922, 49.409053207034795 ], [ 31.794565612181756, 49.409124638966802 ], [ 31.794638802087952, 49.40755162424135 ], [ 31.793861159334494, 49.407694492371121 ], [ 31.79291314292507, 49.407917828554353 ], [ 31.792389581541485, 49.40802278088664 ], [ 31.792336696553246, 49.408193112882763 ], [ 31.792077560110865, 49.408275697880278 ], [ 31.791294862284889, 49.408891639938133 ], [ 31.791134835328268, 49.409035349035555 ] ] ] ] } },
{ "type": "Feature", "properties": { "year": 2025, "month": 6, "ref_class": "clearcut" }, "geometry": { "type": "MultiPolygon", "coordinates": [ [ [ [ 31.696104432267241, 49.444641855827832 ], [ 31.695991313409277, 49.444430457743167 ], [ 31.697687262941031, 49.443724937433949 ], [ 31.699629193044085, 49.445079673843402 ], [ 31.69793223727633, 49.446072483860839 ], [ 31.697944696035766, 49.445281900217871 ], [ 31.696937904056931, 49.444551719299128 ], [ 31.696104432267241, 49.444641855827832 ] ] ] ] } },
{ "type": "Feature", "properties": { "year": 2025, "month": 4, "ref_class": "clearcut" }, "geometry": { "type": "MultiPolygon", "coordinates": [ [ [ [ 31.832785111295959, 49.428049429899922 ], [ 31.836052751559077, 49.428181087036165 ], [ 31.836036243092074, 49.427762905629947 ], [ 31.833869129577355, 49.427731798078689 ], [ 31.832757454632425, 49.427753033846088 ], [ 31.832785111295959, 49.428049429899922 ] ] ] ] } },
{ "type": "Feature", "properties": { "year": 2025, "month": 5, "ref_class": "clearcut" }, "geometry": { "type": "MultiPolygon", "coordinates": [ [ [ [ 31.833869129577355, 49.427731798078689 ], [ 31.832757454632425, 49.427753033846088 ], [ 31.833097717216077, 49.427391763418967 ], [ 31.833856711272244, 49.427356150530741 ], [ 31.833868540640196, 49.426857118747357 ], [ 31.834314611214989, 49.426829164061147 ], [ 31.834754390580027, 49.426666697985517 ], [ 31.835288831109573, 49.426691034871375 ], [ 31.83532198005355, 49.426309257049283 ], [ 31.837775852461206, 49.426333948080973 ], [ 31.837726258423064, 49.427229757889933 ], [ 31.836635828947006, 49.426854087164642 ], [ 31.833869129577355, 49.427731798078689 ] ] ] ] } },
{ "type": "Feature", "properties": { "year": 2025, "month": 7, "ref_class": "blowdown" }, "geometry": { "type": "MultiPolygon", "coordinates": [ [ [ [ 31.964606386329613, 49.600250321478732 ], [ 31.965209956710346, 49.600272053916505 ], [ 31.965724109256897, 49.600054729102794 ], [ 31.96684183218418, 49.599649053525724 ], [ 31.967165971833097, 49.599431725935418 ], [ 31.966741237120726, 49.599207153074559 ], [ 31.966182375657084, 49.599236130276005 ], [ 31.965478210212893, 49.599272351753605 ], [ 31.965142893334711, 49.599301328916319 ], [ 31.964751690310163, 49.599779449614985 ], [ 31.964572854641794, 49.599938822139457 ], [ 31.964516968495431, 49.600112682481154 ], [ 31.964606386329613, 49.600250321478732 ] ] ] ] } },
{ "type": "Feature", "properties": { "year": 2025, "month": 5, "ref_class": "fire" }, "geometry": { "type": "MultiPolygon", "coordinates": [ [ [ [ 31.971527885556874, 49.602392731048184 ], [ 31.971896734122875, 49.601784245593635 ], [ 31.971159036990869, 49.601204728577159 ], [ 31.970164263585591, 49.601110556411427 ], [ 31.970164263585559, 49.599944255284555 ], [ 31.970656061673559, 49.599639998228838 ], [ 31.972176164854663, 49.599509601766684 ], [ 31.972980925362307, 49.599480624727725 ], [ 31.973428014533223, 49.599480624727732 ], [ 31.973673913577226, 49.599929766896381 ], [ 31.973696268035766, 49.600509299065699 ], [ 31.973673913577226, 49.600799062567475 ], [ 31.974568091919046, 49.60078457443327 ], [ 31.975104598924144, 49.600726621853468 ], [ 31.975082244465597, 49.600320951866159 ], [ 31.975395206885242, 49.599813859636008 ], [ 31.975685814846329, 49.599321250705735 ], [ 31.976021131724515, 49.599205341998946 ], [ 31.976758828856521, 49.598886591634638 ], [ 31.977429462612889, 49.598828636799105 ], [ 31.979843744135817, 49.59891556902658 ], [ 31.981185011648559, 49.598828636799091 ], [ 31.982414506868569, 49.598683749408913 ], [ 31.984873497308588, 49.598104195543357 ], [ 31.986170055904239, 49.597756459917875 ], [ 31.98643830940679, 49.598060728725763 ], [ 31.986884062956005, 49.59802991490772 ], [ 31.987539460135487, 49.597648849005552 ], [ 31.987847882337604, 49.597417709220593 ], [ 31.988031008020101, 49.597180321274081 ], [ 31.988204495508786, 49.597102232881205 ], [ 31.988262324671684, 49.597027267906412 ], [ 31.988291239253122, 49.596814866518685 ], [ 31.990305630735186, 49.595481628202229 ], [ 31.991311581369736, 49.595872848854903 ], [ 31.992161050794472, 49.596394471510031 ], [ 31.993368191555938, 49.596872620709462 ], [ 31.994038825312309, 49.597249341019321 ], [ 31.994083534229393, 49.597828905044324 ], [ 31.994105888687944, 49.598292551305136 ], [ 31.994195306522126, 49.5987996593555 ], [ 31.994351787731958, 49.599292273554859 ], [ 31.994955358112691, 49.599306762132443 ], [ 31.996408397918156, 49.59923431920145 ], [ 31.997235512884341, 49.599277784972948 ], [ 31.997302576259983, 49.599712440557141 ], [ 31.997861437723618, 49.599915278503886 ], [ 31.997704956513807, 49.600349928405734 ], [ 31.997034322757433, 49.600842526944206 ], [ 31.996028372122876, 49.601393072363003 ], [ 31.995335383907964, 49.601566927519599 ], [ 31.995134193781052, 49.601088824347329 ], [ 31.994664750151596, 49.600784574433256 ], [ 31.994262369897775, 49.600987407920236 ], [ 31.993524672765773, 49.601378584405296 ], [ 31.993122292511949, 49.601813221263662 ], [ 31.993859989643951, 49.602074001519021 ], [ 31.994351787731958, 49.602436194004369 ], [ 31.99417295206359, 49.602856333916719 ], [ 31.99316700142904, 49.603653141047943 ], [ 31.992384595379939, 49.604029808977153 ], [ 31.9920716329603, 49.604290577377306 ], [ 31.992272823087212, 49.604638266407939 ], [ 31.992161050794486, 49.605449531170294 ], [ 31.991188631847749, 49.606282512192116 ], [ 31.990830960511026, 49.606499809248476 ], [ 31.991110391242845, 49.606760564437629 ], [ 31.991400999203933, 49.60683299618708 ], [ 31.990864492198835, 49.607035804513089 ], [ 31.990417403027926, 49.607144451483506 ], [ 31.990037377232646, 49.607354501606402 ], [ 31.989679705895924, 49.607687682703649 ], [ 31.989467338539736, 49.607774599137102 ], [ 31.989232616725001, 49.60753557857219 ], [ 31.988561982968633, 49.607311043034549 ], [ 31.989389097934822, 49.606601214209959 ], [ 31.989009072139542, 49.60641289054216 ], [ 31.988673755261356, 49.606528782116136 ], [ 31.987857817524439, 49.606775050796102 ], [ 31.987567209563345, 49.607129965234755 ], [ 31.987276601602254, 49.607397960139537 ], [ 31.986404777718974, 49.606985102510656 ], [ 31.985834739026064, 49.606977859363155 ], [ 31.985029978518426, 49.607397960139537 ], [ 31.983979318966778, 49.607368987788426 ], [ 31.983979318966778, 49.606717105336273 ], [ 31.983554584254414, 49.606383917605612 ], [ 31.984091091259511, 49.605688561963042 ], [ 31.984515825971869, 49.605210499205604 ], [ 31.985007624059875, 49.604841083864116 ], [ 31.9854100043137, 49.60460204891627 ], [ 31.985309409250235, 49.604493396279857 ], [ 31.983174558459133, 49.604355769259442 ], [ 31.981743873112212, 49.604428204581758 ], [ 31.980111997638382, 49.604413717525901 ], [ 31.97915075592093, 49.605022170165604 ], [ 31.977876551783829, 49.605427801040115 ], [ 31.977250626944553, 49.605978294686103 ], [ 31.976043486183091, 49.605268446456179 ], [ 31.974188066123805, 49.604544100873653 ], [ 31.973718622494349, 49.604312308014386 ], [ 31.973808040328525, 49.603819744529389 ], [ 31.974009230455437, 49.603341663446898 ], [ 31.975887004973274, 49.603109864870959 ], [ 31.974612800836169, 49.602675239570836 ], [ 31.972958570903796, 49.602342024216995 ], [ 31.972198519313245, 49.602501388365994 ], [ 31.971527885556874, 49.602392731048184 ] ] ] ] } },
{ "type": "Feature", "properties": { "year": 2025, "month": 4, "ref_class": "clearcut" }, "geometry": { "type": "MultiPolygon", "coordinates": [ [ [ [ 31.703049342377259, 49.522696144807526 ], [ 31.702196664828705, 49.521845882679592 ], [ 31.702106293381679, 49.521628820386972 ], [ 31.702345777716303, 49.521622953825187 ], [ 31.702820227813195, 49.521655219906485 ], [ 31.702935451408159, 49.521675752856225 ], [ 31.70308230500958, 49.521693352520593 ], [ 31.703330826488909, 49.521732951742216 ], [ 31.703529643672365, 49.521759351205482 ], [ 31.703900166605177, 49.521800417008905 ], [ 31.704322653120038, 49.521822416532281 ], [ 31.705163107577391, 49.521875215347954 ], [ 31.705214868176647, 49.522006100707891 ], [ 31.705549242530655, 49.52201196722374 ], [ 31.705569779089018, 49.521904547998716 ], [ 31.706084896337074, 49.521925080843758 ], [ 31.706618087874546, 49.521928014106621 ], [ 31.707002166524404, 49.521951480203306 ], [ 31.707429171611611, 49.52198521269753 ], [ 31.707447042918247, 49.522176229381884 ], [ 31.707302448603002, 49.522264226739622 ], [ 31.707004222827809, 49.522334624511778 ], [ 31.707070871770025, 49.522443887519934 ], [ 31.706637088824287, 49.522549483752179 ], [ 31.706356937338501, 49.52271961053556 ], [ 31.706094860142116, 49.522848671838446 ], [ 31.705697225775193, 49.522895603136845 ], [ 31.705426111434111, 49.522831072589938 ], [ 31.705254405684755, 49.522725476965796 ], [ 31.705055588501292, 49.522666812631655 ], [ 31.704784474160206, 49.522684411939288 ], [ 31.704486248385006, 49.522819339754051 ], [ 31.703916908268731, 49.5227137441046 ], [ 31.703573496770023, 49.522590548891991 ], [ 31.70328430813953, 49.522555350202829 ], [ 31.703121639534881, 49.522602281782774 ], [ 31.703049342377259, 49.522696144807526 ] ] ] ] } },
{ "type": "Feature", "properties": { "year": 2025, "month": 5, "ref_class": "fire" }, "geometry": { "type": "MultiPolygon", "coordinates": [ [ [ [ 31.667917223022648, 49.556308751163996 ], [ 31.666988184604573, 49.556746302407248 ], [ 31.666364583474628, 49.556927926300276 ], [ 31.665575537146953, 49.557150827427627 ], [ 31.664837397033953, 49.557340705363309 ], [ 31.664659225282538, 49.557340705363302 ], [ 31.664379241101752, 49.557060015980049 ], [ 31.664124710028304, 49.556663745868939 ], [ 31.664061077259944, 49.556440842518441 ], [ 31.6640356241526, 49.556259216813956 ], [ 31.664302881779719, 49.556201426675422 ], [ 31.665282826412483, 49.556011544310223 ], [ 31.666619114548077, 49.555689568177598 ], [ 31.667891769915304, 49.555293286946537 ], [ 31.668604456920949, 49.55511165697439 ], [ 31.667917223022648, 49.556308751163996 ] ] ] ] } },
{ "type": "Feature", "properties": { "year": 2025, "month": 6, "ref_class": "clearcut" }, "geometry": { "type": "MultiPolygon", "coordinates": [ [ [ [ 31.699300904378486, 49.577777160531248 ], [ 31.700420841101643, 49.57714174537611 ], [ 31.701744402683566, 49.57633302321306 ], [ 31.70117170776831, 49.576118462022436 ], [ 31.700777184604476, 49.575903899888502 ], [ 31.699237271610134, 49.575078652120666 ], [ 31.69925636144065, 49.577764782392961 ], [ 31.699300904378486, 49.577777160531248 ] ] ] ] } },
{ "type": "Feature", "properties": { "year": 2025, "month": 5, "ref_class": "clearcut" }, "geometry": { "type": "MultiPolygon", "coordinates": [ [ [ [ 31.702730710593165, 49.579307899431207 ], [ 31.702387093644013, 49.579159366223728 ], [ 31.702387093644013, 49.578862298452414 ], [ 31.702285281214635, 49.578730267751368 ], [ 31.702068929802206, 49.578887054169101 ], [ 31.70186530494345, 49.578928313668996 ], [ 31.701788945621413, 49.578961321243789 ], [ 31.701674406638364, 49.57877977930611 ], [ 31.701598047316331, 49.578614740594894 ], [ 31.701241703813512, 49.578738519680655 ], [ 31.700821727542326, 49.578845794634312 ], [ 31.700389024717463, 49.578920061771818 ], [ 31.700134493644022, 49.578862298452414 ], [ 31.700159946751366, 49.578713763888615 ], [ 31.700083587429333, 49.578515717100252 ], [ 31.69980360324854, 49.578556976914108 ], [ 31.69958725183611, 49.578713763888629 ], [ 31.699396353531021, 49.578705511955164 ], [ 31.69934544731634, 49.578556976914115 ], [ 31.699243634886962, 49.578466205277579 ], [ 31.699307267655318, 49.578317669508138 ], [ 31.699370900423684, 49.578160881261013 ], [ 31.699727243926503, 49.578078360928643 ], [ 31.699918142231589, 49.578028848662242 ], [ 31.700261759180741, 49.57783905117563 ], [ 31.700096313983, 49.577583236003946 ], [ 31.700299938841759, 49.577385184627495 ], [ 31.70075809477396, 49.577343923822909 ], [ 31.701216250706167, 49.577599740249035 ], [ 31.701534414547972, 49.577748278203678 ], [ 31.701852578389779, 49.577756530299006 ], [ 31.702170742231587, 49.577649252950813 ], [ 31.70289615579091, 49.577294410811341 ], [ 31.70304887443498, 49.577294410811341 ], [ 31.702934335451925, 49.577574983879288 ], [ 31.702985241666614, 49.577707017706068 ], [ 31.702985241666614, 49.577954580168395 ], [ 31.702947062005599, 49.578119621112279 ], [ 31.703010694773958, 49.578301165505835 ], [ 31.703201593079047, 49.578466205277572 ], [ 31.703519756920848, 49.578664252266883 ], [ 31.703736108333281, 49.578804535064656 ], [ 31.703812467655311, 49.579274892090815 ], [ 31.702730710593165, 49.579307899431207 ] ] ] ] } },
{ "type": "Feature", "properties": { "year": 2025, "month": 5, "ref_class": "clearcut" }, "geometry": { "type": "MultiPolygon", "coordinates": [ [ [ [ 31.869097093836242, 49.494654161433751 ], [ 31.876213024909859, 49.495632633036195 ], [ 31.876372245398599, 49.495091691803943 ], [ 31.877535779739379, 49.495218972631761 ], [ 31.877523532009469, 49.494980320808075 ], [ 31.876102795340728, 49.494813263839085 ], [ 31.875429170196067, 49.494662116566325 ], [ 31.874192149475867, 49.494518923982596 ], [ 31.872967376485569, 49.494312089510956 ], [ 31.872134530852176, 49.494288223938753 ], [ 31.871546639816831, 49.494097298942215 ], [ 31.871301685218771, 49.494025701876502 ], [ 31.870493335045182, 49.493962059952395 ], [ 31.870517830504987, 49.493818865320591 ], [ 31.8709954919712, 49.493739312566341 ], [ 31.871007739701103, 49.493580206669968 ], [ 31.870236132717213, 49.49354838542861 ], [ 31.869893196279936, 49.49354838542861 ], [ 31.869880948550026, 49.493731357283799 ], [ 31.870113655418187, 49.493787044234416 ], [ 31.8701626463378, 49.493914328455013 ], [ 31.869403287083813, 49.493914328454984 ], [ 31.869097093836242, 49.49391432845502 ], [ 31.869097093836242, 49.494654161433751 ] ] ] ] } },
{ "type": "Feature", "properties": { "year": 2025, "month": 8, "ref_class": "clearcut" }, "geometry": { "type": "MultiPolygon", "coordinates": [ [ [ [ 31.871889576254116, 49.497000869466198 ], [ 31.87092200559178, 49.49622925246176 ], [ 31.871730355765376, 49.495831506986157 ], [ 31.871301685218771, 49.495640588009721 ], [ 31.870689298723629, 49.495982650647669 ], [ 31.870285123636826, 49.495751957503145 ], [ 31.869721728061293, 49.495179197408625 ], [ 31.869587003032358, 49.494876904656437 ], [ 31.869535678232435, 49.494714469269503 ], [ 31.876213024909859, 49.495632633036195 ], [ 31.877483726887291, 49.495899123945065 ], [ 31.877312258668649, 49.496050267397763 ], [ 31.874936199067474, 49.496925299266067 ], [ 31.873882894295825, 49.497243488793828 ], [ 31.873307250990386, 49.496495740122036 ], [ 31.871889576254116, 49.497000869466198 ] ] ] ] } },
{ "type": "Feature", "properties": { "year": 2025, "month": 4, "ref_class": "clearcut" }, "geometry": { "type": "MultiPolygon", "coordinates": [ [ [ [ 31.836662944915251, 49.38632325082483 ], [ 31.837865651694912, 49.385593117228517 ], [ 31.838135922881357, 49.385329210849392 ], [ 31.838000787288134, 49.384308759513075 ], [ 31.835798077118639, 49.385848225380926 ], [ 31.836662944915251, 49.38632325082483 ] ] ] ] } },
{ "type": "Feature", "properties": { "year": 2025, "month": 5, "ref_class": "clearcut" }, "geometry": { "type": "MultiPolygon", "coordinates": [ [ [ [ 31.810280156842502, 49.42569904022038 ], [ 31.810316900032216, 49.424360677691098 ], [ 31.812778693742708, 49.424424410067935 ], [ 31.812680711903482, 49.425707006554688 ], [ 31.810280156842502, 49.42569904022038 ] ] ] ] } },
{ "type": "Feature", "properties": { "year": 2025, "month": 7, "ref_class": "clearcut" }, "geometry": { "type": "MultiPolygon", "coordinates": [ [ [ [ 31.812680711903482, 49.425707006554688 ], [ 31.810280156842502, 49.42569904022038 ], [ 31.810243413652788, 49.42800922297311 ], [ 31.810512863710656, 49.428726154123098 ], [ 31.812668464173576, 49.428120746284542 ], [ 31.812680711903482, 49.425707006554688 ] ] ] ] } },
{ "type": "Feature", "properties": { "year": 2025, "month": 7, "ref_class": "clearcut" }, "geometry": { "type": "MultiPolygon", "coordinates": [ [ [ [ 31.893315218613655, 49.373125338172329 ], [ 31.892911043526862, 49.373364583625175 ], [ 31.892488496845207, 49.373478224807371 ], [ 31.892268037706959, 49.373711487463474 ], [ 31.8917444472536, 49.37359186572683 ], [ 31.891367829559091, 49.373717468542679 ], [ 31.891716889861325, 49.374279686737076 ], [ 31.892369081478652, 49.374405287795334 ], [ 31.897384526873914, 49.372407594826996 ], [ 31.895501438401336, 49.371857317831562 ], [ 31.894784946202016, 49.372210213569737 ], [ 31.894647159240606, 49.372252082387504 ], [ 31.895455509414202, 49.37286814801174 ], [ 31.895382023034784, 49.373017677338609 ], [ 31.894242984153806, 49.373460281480263 ], [ 31.893517306157054, 49.373029639665127 ], [ 31.893315218613655, 49.373125338172329 ] ] ] ] } },
{ "type": "Feature", "properties": { "year": 2025, "month": 7, "ref_class": "clearcut" }, "geometry": { "type": "MultiPolygon", "coordinates": [ [ [ [ 31.885635891964505, 49.371510400907724 ], [ 31.886040067051301, 49.37173769158268 ], [ 31.886076810241011, 49.372180307249529 ], [ 31.88565426355936, 49.372359744898048 ], [ 31.885525662395381, 49.372646843773232 ], [ 31.885488919205667, 49.373017677338638 ], [ 31.885562405585087, 49.373221036493213 ], [ 31.88541543282625, 49.373472243699077 ], [ 31.885194973687998, 49.373687563139448 ], [ 31.884533596273243, 49.373866995285937 ], [ 31.884423366704116, 49.373890919522644 ], [ 31.884349880324699, 49.374273705726324 ], [ 31.884166164376147, 49.374668450876712 ], [ 31.883927333643044, 49.375003383669736 ], [ 31.883651759720227, 49.375063192856892 ], [ 31.883284327823141, 49.37489572694944 ], [ 31.883082240279741, 49.374596679266979 ], [ 31.882494349244396, 49.374285667747138 ], [ 31.882255518511286, 49.374225857613879 ], [ 31.881502283122259, 49.374405287795334 ], [ 31.881153222820025, 49.374512945589835 ], [ 31.880840905707501, 49.374512945589835 ], [ 31.880767419328084, 49.374393325803645 ], [ 31.881998316183324, 49.373890919522637 ], [ 31.882439234459838, 49.374166047407833 ], [ 31.882769923167213, 49.374273705726317 ], [ 31.88344967217683, 49.374225857613879 ], [ 31.883486415366537, 49.373902881636617 ], [ 31.884074306401882, 49.373424394806463 ], [ 31.884441738298964, 49.373101413563006 ], [ 31.884864284980615, 49.372910016269138 ], [ 31.885176602093146, 49.372622918931015 ], [ 31.884882656575471, 49.372228157353163 ], [ 31.885635891964505, 49.371510400907724 ] ] ] ] } },
{ "type": "Feature", "properties": { "year": 2025, "month": 6, "ref_class": "clearcut" }, "geometry": { "type": "MultiPolygon", "coordinates": [ [ [ [ 31.880712304543522, 49.374201933540213 ], [ 31.879995812344198, 49.37355597914911 ], [ 31.883523158556255, 49.372096569456076 ], [ 31.883798732479065, 49.372168344716343 ], [ 31.884533596273247, 49.371833392605112 ], [ 31.884882656575471, 49.372228157353163 ], [ 31.885176602093146, 49.372622918931015 ], [ 31.884864284980615, 49.372910016269138 ], [ 31.884441738298964, 49.373101413563006 ], [ 31.884074306401882, 49.373424394806463 ], [ 31.883486415366537, 49.373902881636617 ], [ 31.88344967217683, 49.374225857613879 ], [ 31.882769923167213, 49.374273705726317 ], [ 31.882439234459838, 49.374166047407833 ], [ 31.881998316183324, 49.373890919522637 ], [ 31.881920236905202, 49.373603827913627 ], [ 31.880712304543522, 49.374201933540213 ] ] ] ] } },
{ "type": "Feature", "properties": { "year": 2025, "month": 7, "ref_class": "dieback" }, "geometry": { "type": "MultiPolygon", "coordinates": [ [ [ [ 31.510787451685633, 49.773745338505115 ], [ 31.5102378341861, 49.773252756260966 ], [ 31.509452666329619, 49.773332439022248 ], [ 31.50886939877909, 49.773223780678947 ], [ 31.510327567655406, 49.772658753366599 ], [ 31.509934983727174, 49.772289308869986 ], [ 31.509374149543973, 49.772303796942502 ], [ 31.508297347912226, 49.772340017104874 ], [ 31.507164462862168, 49.772267576753052 ], [ 31.506928912505224, 49.77203576689962 ], [ 31.506760662250269, 49.771695294167309 ], [ 31.507276629698808, 49.771383795742629 ], [ 31.507848680565672, 49.771275133030471 ], [ 31.508846965411767, 49.771376551569404 ], [ 31.509149815870696, 49.77142001659255 ], [ 31.509329282809318, 49.771724270663171 ], [ 31.509856466941521, 49.772050255047958 ], [ 31.510731368267312, 49.772202380343835 ], [ 31.511213685664863, 49.772224112489987 ], [ 31.511449236021804, 49.772622533442423 ], [ 31.512054936939659, 49.772738437104493 ], [ 31.512626987806527, 49.772658753366606 ], [ 31.512290487296607, 49.772926779964209 ], [ 31.511516536123789, 49.773448340986612 ], [ 31.511023002042577, 49.773738094684838 ], [ 31.510978135307919, 49.773774313775327 ], [ 31.510787451685633, 49.773745338505115 ] ] ] ] } },
{ "type": "Feature", "properties": { "year": 2025, "month": 7, "ref_class": "dieback" }, "geometry": { "type": "MultiPolygon", "coordinates": [ [ [ [ 31.510978135307912, 49.775838757188843 ], [ 31.509250766023662, 49.775592477331379 ], [ 31.50853289826917, 49.775331709059273 ], [ 31.507635563576045, 49.774911579447178 ], [ 31.507041079341853, 49.774831899282269 ], [ 31.507523396739401, 49.774447983924134 ], [ 31.508173964391922, 49.774404521616496 ], [ 31.509497533064266, 49.7748681175553 ], [ 31.510035933880136, 49.775005746745919 ], [ 31.5104846012267, 49.775157862764992 ], [ 31.510978135307912, 49.775838757188843 ] ] ] ] } },
{ "type": "Feature", "properties": { "year": 2025, "month": 7, "ref_class": "blowdown" }, "geometry": { "type": "MultiPolygon", "coordinates": [ [ [ [ 31.57484593209065, 49.811724281127894 ], [ 31.575014182345615, 49.811514374570535 ], [ 31.574958098927294, 49.811318943509086 ], [ 31.574789848672328, 49.811137988118951 ], [ 31.574576731682715, 49.810768837025215 ], [ 31.574983336465547, 49.810229581837589 ], [ 31.574960903098219, 49.80985318539463 ], [ 31.575653533314462, 49.810008811201939 ], [ 31.57590030035507, 49.810638547731685 ], [ 31.576214367497659, 49.810797790153927 ], [ 31.576932235252151, 49.810754360454375 ], [ 31.57742576933337, 49.810587879578371 ], [ 31.577515502802683, 49.810790551873389 ], [ 31.577055618772459, 49.811130749889287 ], [ 31.577167785609099, 49.811478183692763 ], [ 31.576921018568495, 49.811651899659246 ], [ 31.575325445317294, 49.811715233450229 ], [ 31.57484593209065, 49.811724281127894 ] ] ] ] } },
{ "type": "Feature", "properties": { "year": 2025, "month": 7, "ref_class": "blowdown" }, "geometry": { "type": "MultiPolygon", "coordinates": [ [ [ [ 31.802020163883764, 49.682623833202094 ], [ 31.799374907661218, 49.682104408919052 ], [ 31.798795846597571, 49.681908558978336 ], [ 31.798756365161417, 49.68167013189872 ], [ 31.799690759150472, 49.681380611730219 ], [ 31.80007241303333, 49.68115921279108 ], [ 31.80070411601185, 49.681091089837764 ], [ 31.800941004628793, 49.680673834666052 ], [ 31.801441102820124, 49.680452432508702 ], [ 31.801230535160613, 49.680920782036893 ], [ 31.801243695639336, 49.681184758873961 ], [ 31.80128317707549, 49.681346550420557 ], [ 31.801414781862679, 49.681533887328278 ], [ 31.802020163883764, 49.682623833202094 ] ] ] ] } },
{ "type": "Feature", "properties": { "year": 2025, "month": 7, "ref_class": "blowdown" }, "geometry": { "type": "MultiPolygon", "coordinates": [ [ [ [ 31.796387478991974, 49.680307669014567 ], [ 31.795453085002919, 49.68053758730391 ], [ 31.795005628726464, 49.68037579306548 ], [ 31.794808221545676, 49.680265091434272 ], [ 31.794847702981837, 49.680069234084712 ], [ 31.794939826332872, 49.679907438287856 ], [ 31.794321283833067, 49.679907438287863 ], [ 31.793623778460955, 49.680069234084719 ], [ 31.793084198833469, 49.680248060391698 ], [ 31.792939433567557, 49.680094780740269 ], [ 31.792978915003722, 49.679847829174363 ], [ 31.793294766492977, 49.679600876354279 ], [ 31.793663259897112, 49.679464625985631 ], [ 31.793913308992774, 49.679405016329291 ], [ 31.794202839524598, 49.679439078998996 ], [ 31.794781900588244, 49.679430563333817 ], [ 31.795229356864688, 49.679362437958595 ], [ 31.795334640694445, 49.679592360717429 ], [ 31.795334640694445, 49.679890407120048 ], [ 31.795518887396511, 49.680060718529852 ], [ 31.796387478991974, 49.679932985028422 ], [ 31.796387478991974, 49.680307669014567 ] ] ] ] } },
{ "type": "Feature", "properties": { "year": 2025, "month": 6, "ref_class": "dieback" }, "geometry": { "type": "MultiPolygon", "coordinates": [ [ [ [ 32.173324237668247, 49.581172023842655 ], [ 32.172076754513618, 49.581061341608063 ], [ 32.171919177694086, 49.580848490451338 ], [ 32.172496959365709, 49.580533469035444 ], [ 32.172523222168962, 49.580269530607637 ], [ 32.172089885915241, 49.580014104963382 ], [ 32.171735338071294, 49.579860848935077 ], [ 32.171748469472931, 49.579477706758475 ], [ 32.17185352068595, 49.57920524826929 ], [ 32.172667667586865, 49.579026446559062 ], [ 32.173101003840578, 49.579137133409297 ], [ 32.174532326617992, 49.580022619173086 ], [ 32.173311106266624, 49.580857004515451 ], [ 32.173324237668247, 49.581172023842655 ] ] ] ] } },
{ "type": "Feature", "properties": { "year": 2025, "month": 7, "ref_class": "blowdown" }, "geometry": { "type": "MultiPolygon", "coordinates": [ [ [ [ 32.695934325346968, 49.33530942295593 ], [ 32.695001995831404, 49.335403547987873 ], [ 32.694621185184204, 49.335300866125941 ], [ 32.694450476963041, 49.33506983115339 ], [ 32.694647447987457, 49.334684770455965 ], [ 32.695356543675352, 49.334111452280631 ], [ 32.695606040306274, 49.333983096550398 ], [ 32.696669683838117, 49.334496517463087 ], [ 32.697050494485318, 49.334787453603148 ], [ 32.695934325346968, 49.33530942295593 ] ] ] ] } },
{ "type": "Feature", "properties": { "year": 2025, "month": 7, "ref_class": "thinning" }, "geometry": { "type": "MultiPolygon", "coordinates": [ [ [ [ 31.844119998862453, 49.421529409397081 ], [ 31.843844239428272, 49.421110857913504 ], [ 31.843712925411996, 49.420735012722815 ], [ 31.843778582420132, 49.420324996504483 ], [ 31.844277575681989, 49.420008939998034 ], [ 31.846785673392873, 49.419240145403677 ], [ 31.847350323662859, 49.419470785046592 ], [ 31.847310929457976, 49.419880808402034 ], [ 31.847022038622164, 49.420171239539371 ], [ 31.84669375358148, 49.420521463036579 ], [ 31.846457388352178, 49.420615425012997 ], [ 31.846076577704977, 49.420726470753202 ], [ 31.846168497516366, 49.421930873792228 ], [ 31.845262430804059, 49.422024833069976 ], [ 31.844119998862453, 49.421529409397081 ] ] ] ] } },
{ "type": "Feature", "properties": { "year": 2025, "month": 7, "ref_class": "blowdown" }, "geometry": { "type": "MultiPolygon", "coordinates": [ [ [ [ 31.922548717119231, 49.621769226342984 ], [ 31.921629519005293, 49.621726691711224 ], [ 31.920867897710888, 49.621301343351469 ], [ 31.920999211727164, 49.620782413324335 ], [ 31.921104262940183, 49.620331535207299 ], [ 31.921550730595531, 49.620186913040776 ], [ 31.922128512267143, 49.620135869820672 ], [ 31.923467915233172, 49.620076319329684 ], [ 31.924032565503158, 49.620118855402112 ], [ 31.924387113347105, 49.620501678383114 ], [ 31.924295193535713, 49.621105681859156 ], [ 31.924098222511294, 49.621275822331825 ], [ 31.922548717119231, 49.621769226342984 ] ] ] ] } },
{ "type": "Feature", "properties": { "year": 2025, "month": 7, "ref_class": "blowdown" }, "geometry": { "type": "MultiPolygon", "coordinates": [ [ [ [ 31.91910828989278, 49.617141240659819 ], [ 31.918727479245575, 49.61735393346099 ], [ 31.918281011590235, 49.61754961001818 ], [ 31.917742624123505, 49.61783886957658 ], [ 31.917847675336525, 49.618017529034319 ], [ 31.91805777776257, 49.618221710469697 ], [ 31.918175960377216, 49.618451413561885 ], [ 31.918136566172333, 49.618698130491936 ], [ 31.918005252156053, 49.618868279371078 ], [ 31.918162828975589, 49.61916603848001 ], [ 31.918648690835813, 49.619353200417258 ], [ 31.91904263288464, 49.619446781116302 ], [ 31.919213341105806, 49.619404244457193 ], [ 31.919567888949754, 49.619293648969759 ], [ 31.919528494744863, 49.618995890640562 ], [ 31.91913455269604, 49.618715145406583 ], [ 31.918845661860228, 49.618544995992735 ], [ 31.918688085040699, 49.618306785815271 ], [ 31.918976975876504, 49.61780483912942 ], [ 31.91910828989278, 49.617141240659819 ] ] ] ] } },
{ "type": "Feature", "properties": { "year": 2025, "month": 7, "ref_class": "blowdown" }, "geometry": { "type": "MultiPolygon", "coordinates": [ [ [ [ 31.606582511781827, 49.70157562028119 ], [ 31.607886856088868, 49.701146541288331 ], [ 31.609090001268648, 49.700368371413653 ], [ 31.609247422133286, 49.69972837189669 ], [ 31.609348621260555, 49.698826540087722 ], [ 31.609427331692878, 49.69748830720345 ], [ 31.609506042125204, 49.696593707059854 ], [ 31.609337376913082, 49.696368236132599 ], [ 31.608718937801985, 49.696739171619065 ], [ 31.608685204759567, 49.697233747863379 ], [ 31.608527783894914, 49.697975602792013 ], [ 31.608606494327244, 49.698695627627515 ], [ 31.608179209123207, 49.69892108775629 ], [ 31.607369616105039, 49.698782902640161 ], [ 31.606503801349501, 49.698702900551218 ], [ 31.605975317018199, 49.698928360646249 ], [ 31.606132737882845, 49.699553825110897 ], [ 31.605952828323254, 49.699706553582757 ], [ 31.606323891789916, 49.699859281574582 ], [ 31.606706199604044, 49.699590189076304 ], [ 31.606773665688891, 49.699175638257337 ], [ 31.607021041333333, 49.699015635240904 ], [ 31.607538281317158, 49.699175638257344 ], [ 31.608134231733313, 49.699612007442482 ], [ 31.608224186513109, 49.699975645436623 ], [ 31.608033032606038, 49.700244735800261 ], [ 31.607729435224229, 49.700492006712452 ], [ 31.607324638715145, 49.700535642625155 ], [ 31.606818643078793, 49.700419280104214 ], [ 31.60630140309496, 49.700222917718186 ], [ 31.605424343991952, 49.701270174607089 ], [ 31.606582511781827, 49.70157562028119 ] ] ] ] } },
{ "type": "Feature", "properties": { "year": 2025, "month": 7, "ref_class": "blowdown" }, "geometry": { "type": "MultiPolygon", "coordinates": [ [ [ [ 31.803313615196132, 49.693153343313654 ], [ 31.801953049151706, 49.693240628280172 ], [ 31.80172816220222, 49.693182438319937 ], [ 31.801660696117374, 49.692665999369723 ], [ 31.801660696117374, 49.69220047223304 ], [ 31.803437303018349, 49.692367771561052 ], [ 31.804201918646616, 49.692578713371248 ], [ 31.803313615196132, 49.693153343313654 ] ] ] ] } },
{ "type": "Feature", "properties": { "year": 2025, "month": 8, "ref_class": "blowdown" }, "geometry": { "type": "MultiPolygon", "coordinates": [ [ [ [ 31.888566921846174, 49.643374700403463 ], [ 31.888940968441677, 49.642754029909007 ], [ 31.888438343328971, 49.642579937983598 ], [ 31.887187625025255, 49.642436122445275 ], [ 31.886778511561428, 49.642557230295267 ], [ 31.886346020185378, 49.642746460707826 ], [ 31.886182374799844, 49.643094642745346 ], [ 31.885995351502096, 49.643404976810551 ], [ 31.885901839853219, 49.643790999350628 ], [ 31.885901839853219, 49.644116466957279 ], [ 31.885749883423795, 49.64433596713792 ], [ 31.885399214740513, 49.644457070262241 ], [ 31.885130368749998, 49.644638724383931 ], [ 31.885866772984894, 49.645039874834929 ], [ 31.886381087053707, 49.645319921303788 ], [ 31.886860334254195, 49.645403178051446 ], [ 31.887281136674133, 49.644994461742236 ], [ 31.887737005962403, 49.644305691309775 ], [ 31.887479848927995, 49.643715308897718 ], [ 31.888099363601796, 49.643299009303355 ], [ 31.888566921846174, 49.643374700403463 ] ] ] ] } },
{ "type": "Feature", "properties": { "year": 2025, "month": 8, "ref_class": "blowdown" }, "geometry": { "type": "MultiPolygon", "coordinates": [ [ [ [ 31.897633946087755, 49.635377930450815 ], [ 31.89631344485425, 49.635153434148158 ], [ 31.895653194237493, 49.634966353105455 ], [ 31.895653194237493, 49.634586843639831 ], [ 31.895942053882322, 49.634410450909684 ], [ 31.896428988712181, 49.634308891169184 ], [ 31.8968829110112, 49.63380108929001 ], [ 31.89731207391209, 49.633806434600515 ], [ 31.897543161627951, 49.633945412467902 ], [ 31.898624322012889, 49.63424474806606 ], [ 31.898805890932501, 49.634421141396352 ], [ 31.898814144065209, 49.634522700902771 ], [ 31.897633946087755, 49.635377930450815 ] ] ] ] } },
{ "type": "Feature", "properties": { "year": 2025, "month": 8, "ref_class": "blowdown" }, "geometry": { "type": "MultiPolygon", "coordinates": [ [ [ [ 31.860049179728986, 49.643870613721973 ], [ 31.860948771194309, 49.644111102379476 ], [ 31.861823603261509, 49.644105758200006 ], [ 31.861996919048412, 49.644041628000451 ], [ 31.861906134588608, 49.643646156569879 ], [ 31.862071197242798, 49.643101042035212 ], [ 31.861716312536284, 49.642721595962286 ], [ 31.861064315052243, 49.642587987486216 ], [ 31.8609405180616, 49.642657463939535 ], [ 31.860973530592435, 49.643079664870278 ], [ 31.86110558071579, 49.643277403287811 ], [ 31.86110558071579, 49.643437731144928 ], [ 31.860049179728986, 49.643870613721973 ] ] ] ] } },
{ "type": "Feature", "properties": { "year": 2025, "month": 8, "ref_class": "blowdown" }, "geometry": { "type": "MultiPolygon", "coordinates": [ [ [ [ 31.841322821611282, 49.641134303571484 ], [ 31.843006460684002, 49.641561862169318 ], [ 31.84394731781288, 49.641316016434295 ], [ 31.844260936855839, 49.640931211922279 ], [ 31.844756124818399, 49.640610539172584 ], [ 31.845416375435164, 49.640653295661231 ], [ 31.846208676175266, 49.640610539172584 ], [ 31.847595202470451, 49.639456099787445 ], [ 31.847033989446214, 49.638975075299051 ], [ 31.846769889199503, 49.638857490812498 ], [ 31.846357232564035, 49.639167485664615 ], [ 31.846010600990237, 49.639605750881358 ], [ 31.845746500743534, 49.639926430248245 ], [ 31.845663969416442, 49.6400119443894 ], [ 31.845465894231413, 49.639627129571537 ], [ 31.845482400496834, 49.639124727871305 ], [ 31.845350350373486, 49.638836111784435 ], [ 31.845168781453875, 49.638547493986948 ], [ 31.844937693738011, 49.638365770792419 ], [ 31.844178405528748, 49.638002322368891 ], [ 31.843666711300759, 49.637874045807052 ], [ 31.8433530922578, 49.637777838163927 ], [ 31.84275886670272, 49.637831286878018 ], [ 31.842247172474739, 49.637820597139886 ], [ 31.841603428123399, 49.637745768907315 ], [ 31.841520896796307, 49.637681630330739 ], [ 31.841124746426249, 49.637681630330746 ], [ 31.841322821611282, 49.637061619735263 ], [ 31.841124746426249, 49.636666091610643 ], [ 31.840002320377767, 49.636484361395226 ], [ 31.839573157476877, 49.636313320572988 ], [ 31.838896400594699, 49.636270560273559 ], [ 31.838137112385439, 49.636195729659256 ], [ 31.838120606120018, 49.636687471591387 ], [ 31.83820313744711, 49.63713644901911 ], [ 31.839127488310567, 49.637339556495604 ], [ 31.8395071324152, 49.637564042720939 ], [ 31.840249914359056, 49.637553352924151 ], [ 31.840315939420726, 49.637863356078306 ], [ 31.840530520871173, 49.638119908920373 ], [ 31.840926671241228, 49.638461977273991 ], [ 31.841273302815019, 49.638590252287102 ], [ 31.842115122351387, 49.638686458325196 ], [ 31.842676335375625, 49.63867576877481 ], [ 31.843204535869027, 49.638761285112317 ], [ 31.8433530922578, 49.63907128057685 ], [ 31.843683217566173, 49.639167485664608 ], [ 31.844244430590418, 49.639156796219808 ], [ 31.844657087225894, 49.639156796219801 ], [ 31.844987212534267, 49.639295758819273 ], [ 31.845053237595945, 49.639734022881541 ], [ 31.845053237595945, 49.639947808797601 ], [ 31.844475518306282, 49.639915740970032 ], [ 31.843864786485785, 49.639669886923706 ], [ 31.843435623584892, 49.639509546659482 ], [ 31.843155017072771, 49.639969187337591 ], [ 31.843155017072771, 49.640300553507103 ], [ 31.842907423091489, 49.640525026082663 ], [ 31.842626816579369, 49.640781564901921 ], [ 31.841322821611282, 49.641134303571484 ] ] ] ] } },
{ "type": "Feature", "properties": { "year": 2025, "month": 8, "ref_class": "blowdown" }, "geometry": { "type": "MultiPolygon", "coordinates": [ [ [ [ 31.835958285350149, 49.642224570576346 ], [ 31.834307658808257, 49.642181815467438 ], [ 31.832970651309331, 49.641978728187432 ], [ 31.832772576124306, 49.641700817905253 ], [ 31.83257450093928, 49.641422906036837 ], [ 31.832739563593471, 49.64107016945799 ], [ 31.833630901926089, 49.641038102369556 ], [ 31.834901884363337, 49.641059480430862 ], [ 31.83576021016512, 49.641134303571476 ], [ 31.836255398127687, 49.641668751232153 ], [ 31.835958285350149, 49.642224570576346 ] ] ] ] } },
{ "type": "Feature", "properties": { "year": 2025, "month": 8, "ref_class": "blowdown" }, "geometry": { "type": "MultiPolygon", "coordinates": [ [ [ [ 31.839490626149786, 49.640770875811441 ], [ 31.838731337940523, 49.640514336935858 ], [ 31.838549769020915, 49.640086769139714 ], [ 31.838335187570468, 49.639798158754907 ], [ 31.838219643712534, 49.639381274067993 ], [ 31.83841771889756, 49.639017833223761 ], [ 31.838929413125541, 49.638793353700166 ], [ 31.839342069761017, 49.638825422266876 ], [ 31.839837257723588, 49.639627129571537 ], [ 31.839985814112353, 49.640696052112339 ], [ 31.839490626149786, 49.640770875811441 ] ] ] ] } },
{ "type": "Feature", "properties": { "year": 2025, "month": 8, "ref_class": "thinning" }, "geometry": { "type": "MultiPolygon", "coordinates": [ [ [ [ 31.795826146942971, 49.651508877215122 ], [ 31.795585192097576, 49.651508877215107 ], [ 31.795585192097576, 49.651334153984649 ], [ 31.795121784703927, 49.651311851270961 ], [ 31.794692621803037, 49.651354598362126 ], [ 31.794263458902147, 49.651306507881912 ], [ 31.794098396247957, 49.65119963997801 ], [ 31.794469787219878, 49.650788196357347 ], [ 31.794700874935746, 49.650547740683123 ], [ 31.794841178191806, 49.650232474777269 ], [ 31.795286847358117, 49.650243161790549 ], [ 31.795707757126294, 49.650312627319792 ], [ 31.796566082928074, 49.650371405767075 ], [ 31.796821930042068, 49.650531710262605 ], [ 31.796986992696258, 49.650697357686695 ], [ 31.796863195705619, 49.650937812621819 ], [ 31.796252463885118, 49.650889721729811 ], [ 31.796070894965514, 49.650996590314179 ], [ 31.795826146942971, 49.651508877215122 ] ] ] ] } },
{ "type": "Feature", "properties": { "year": 2025, "month": 7, "ref_class": "thinning" }, "geometry": { "type": "MultiPolygon", "coordinates": [ [ [ [ 31.747788280466864, 49.68860074164963 ], [ 31.746650195471993, 49.688401073600978 ], [ 31.746765932929094, 49.687876941071217 ], [ 31.746987763055216, 49.687752146778777 ], [ 31.747064921359954, 49.687221767461821 ], [ 31.747672543009756, 49.686485466582027 ], [ 31.748318743811929, 49.687153129715554 ], [ 31.74845859323926, 49.687636711773052 ], [ 31.74877204885226, 49.688463469954307 ], [ 31.747788280466864, 49.68860074164963 ] ] ] ] } },
{ "type": "Feature", "properties": { "year": 2025, "month": 6, "ref_class": "thinning" }, "geometry": { "type": "MultiPolygon", "coordinates": [ [ [ [ 31.73064949202713, 49.69065977056232 ], [ 31.732501291340821, 49.6903415627012 ], [ 31.73310891299063, 49.690672249259514 ], [ 31.734584565568728, 49.689985916155941 ], [ 31.735028225820965, 49.690010873893122 ], [ 31.73587696717308, 49.689636506489613 ], [ 31.735385082980379, 49.689468040217363 ], [ 31.73448811768781, 49.689486758720889 ], [ 31.73448811768781, 49.688956398329744 ], [ 31.734150550104587, 49.688975117030289 ], [ 31.733639376335702, 49.68914358501091 ], [ 31.733562218030965, 49.689630267008475 ], [ 31.733128202566817, 49.689611548560215 ], [ 31.732867793288325, 49.68932453145085 ], [ 31.730890611729439, 49.68928085478565 ], [ 31.73064949202713, 49.69065977056232 ] ] ] ] } },
{ "type": "Feature", "properties": { "year": 2025, "month": 3, "ref_class": "thinning" }, "geometry": { "type": "MultiPolygon", "coordinates": [ [ [ [ 32.181516627849149, 49.537394254930227 ], [ 32.180436411582839, 49.537381736926733 ], [ 32.180397832430465, 49.537219002589602 ], [ 32.179288681799868, 49.537193966489625 ], [ 32.178719639302436, 49.537168930376836 ], [ 32.178189175957364, 49.53678712806758 ], [ 32.178324202990659, 49.53624884433512 ], [ 32.178709994514342, 49.536280140063276 ], [ 32.179375484892695, 49.53607358788701 ], [ 32.179915593025854, 49.536098624560942 ], [ 32.180359253278091, 49.535917108384439 ], [ 32.180474990735199, 49.536029773676795 ], [ 32.180937940563624, 49.536092365393678 ], [ 32.181265863358753, 49.536292658348927 ], [ 32.181516627849149, 49.53644287752671 ], [ 32.181767392339545, 49.536505468714488 ], [ 32.181912064160926, 49.536593096242747 ], [ 32.181516627849149, 49.536818423451066 ], [ 32.181111546749285, 49.536868496022961 ], [ 32.180937940563624, 49.536674464521148 ], [ 32.180995809292178, 49.537062526754397 ], [ 32.181516627849149, 49.537394254930227 ] ] ] ] } },
{ "type": "Feature", "properties": { "year": 2025, "month": 7, "ref_class": "thinning" }, "geometry": { "type": "MultiPolygon", "coordinates": [ [ [ [ 31.739197001155429, 49.694211547634524 ], [ 31.740142190388461, 49.694049336133681 ], [ 31.74207114800689, 49.693674999834613 ], [ 31.743016337239915, 49.693113489979929 ], [ 31.742341202073469, 49.69255197363799 ], [ 31.740778746402544, 49.693175880284166 ], [ 31.739640661407662, 49.693674999834613 ], [ 31.739197001155429, 49.694211547634524 ] ] ] ] } },
{ "type": "Feature", "properties": { "year": 2025, "month": 7, "ref_class": "blowdown" }, "geometry": { "type": "MultiPolygon", "coordinates": [ [ [ [ 31.732127371483895, 49.677226312485935 ], [ 31.732590321312323, 49.677382339075962 ], [ 31.733005047200283, 49.677432267479048 ], [ 31.733477641816794, 49.677457231661357 ], [ 31.7337187615191, 49.677594534435016 ], [ 31.733824854188107, 49.677650703639792 ], [ 31.733950236433312, 49.677607016486135 ], [ 31.733940591645215, 49.67734489274001 ], [ 31.734461410202197, 49.677288723182023 ], [ 31.734577147659298, 49.676951704471612 ], [ 31.73478933299733, 49.676901775575132 ], [ 31.73478933299733, 49.676733265171038 ], [ 31.734519278930744, 49.676552271864409 ], [ 31.733940591645208, 49.676552271864402 ], [ 31.733902012492852, 49.677014115520123 ], [ 31.733680182366733, 49.677032838819052 ], [ 31.733680182366733, 49.676932981141441 ], [ 31.732628900464686, 49.67688929334301 ], [ 31.732571031736132, 49.676733265171045 ], [ 31.732358846398107, 49.676864328869129 ], [ 31.732358846398107, 49.677057803206438 ], [ 31.732127371483895, 49.677226312485935 ] ] ] ] } },
{ "type": "Feature", "properties": { "year": 2025, "month": 7, "ref_class": "blowdown" }, "geometry": { "type": "MultiPolygon", "coordinates": [ [ [ [ 31.712191594497423, 49.661340186095835 ], [ 31.713368258644664, 49.66075333001131 ], [ 31.714544922791909, 49.660516088308533 ], [ 31.714679949825197, 49.659941708869411 ], [ 31.715220057958348, 49.659454729686146 ], [ 31.714332737453876, 49.659180021330158 ], [ 31.713773339744531, 49.658967745629255 ], [ 31.713156073306639, 49.658867850861341 ], [ 31.712056567464135, 49.659829329490471 ], [ 31.712191594497423, 49.661340186095835 ] ] ] ] } },
{ "type": "Feature", "properties": { "year": 2025, "month": 7, "ref_class": "thinning" }, "geometry": { "type": "MultiPolygon", "coordinates": [ [ [ [ 31.883579478894756, 49.497282645920968 ], [ 31.883483031013832, 49.498172145237618 ], [ 31.883540899742385, 49.498585568994059 ], [ 31.884486088975418, 49.498673264493398 ], [ 31.884910459651469, 49.498923822196986 ], [ 31.885199803294235, 49.499349767348981 ], [ 31.885238382446602, 49.499650432282941 ], [ 31.886222150832005, 49.499587793907359 ], [ 31.886395757017656, 49.49943746147887 ], [ 31.886337888289106, 49.498898766484352 ], [ 31.886704390236606, 49.498823599269478 ], [ 31.887109471336476, 49.498861182891368 ], [ 31.887148050488847, 49.499049100567724 ], [ 31.887070892184109, 49.499525155451622 ], [ 31.887090181760293, 49.499988678125533 ], [ 31.88751455243635, 49.500088898666945 ], [ 31.888363293788458, 49.500026260852636 ], [ 31.888652637431218, 49.499825819307993 ], [ 31.888334359424185, 49.499343503476545 ], [ 31.887938923112408, 49.498804807447748 ], [ 31.88740845976734, 49.498378857552417 ], [ 31.887148050488847, 49.498316217549238 ], [ 31.886849062057994, 49.498222257394126 ], [ 31.886501849686674, 49.498228521410056 ], [ 31.88606783422253, 49.49837885755241 ], [ 31.885903872824962, 49.498466553422183 ], [ 31.885604884394109, 49.498491609356094 ], [ 31.885325185539433, 49.498454025450414 ], [ 31.885035841896666, 49.498422705506947 ], [ 31.884659695161076, 49.498266105488945 ], [ 31.884264258849296, 49.49787147122111 ], [ 31.884457154611137, 49.497288910057179 ], [ 31.883579478894756, 49.497282645920968 ] ] ] ] } },
{ "type": "Feature", "properties": { "year": 2025, "month": 8, "ref_class": "thinning" }, "geometry": { "type": "MultiPolygon", "coordinates": [ [ [ [ 31.897265433197489, 49.504454556778178 ], [ 31.896416691845381, 49.504416977452202 ], [ 31.896146637778795, 49.503840757506005 ], [ 31.896744614640514, 49.503352217888121 ], [ 31.897024313495184, 49.502769721968555 ], [ 31.897882699635382, 49.502444022302697 ], [ 31.897844120483018, 49.504097552015914 ], [ 31.897265433197489, 49.504454556778178 ] ] ] ] } },
{ "type": "Feature", "properties": { "year": 2025, "month": 6, "ref_class": "thinning" }, "geometry": { "type": "MultiPolygon", "coordinates": [ [ [ [ 31.904942684518833, 49.504153921362089 ], [ 31.903187333086063, 49.50436687163932 ], [ 31.901856352329354, 49.504241606882594 ], [ 31.901586298262767, 49.504128868327363 ], [ 31.901007610977238, 49.503364744605932 ], [ 31.901431981653296, 49.502913780744606 ], [ 31.90434470765712, 49.503414851445072 ], [ 31.905039132399757, 49.503815704310917 ], [ 31.904942684518833, 49.504153921362089 ] ] ] ] } },
{ "type": "Feature", "properties": { "year": 2025, "month": 6, "ref_class": "thinning" }, "geometry": { "type": "MultiPolygon", "coordinates": [ [ [ [ 31.910247317969514, 49.50351506496942 ], [ 31.908974205941348, 49.503389798031911 ], [ 31.907681804337003, 49.503264530773706 ], [ 31.907411750270423, 49.503201897024361 ], [ 31.90775896264174, 49.502650716572774 ], [ 31.907990437555952, 49.502249854162727 ], [ 31.908376229079639, 49.502061948777538 ], [ 31.909186391279373, 49.501961732277053 ], [ 31.909533603650697, 49.50202436761392 ], [ 31.909591472379248, 49.502563028201195 ], [ 31.909803657717273, 49.502938834401512 ], [ 31.909803657717273, 49.503214423780641 ], [ 31.910305186698068, 49.503364744605932 ], [ 31.910247317969514, 49.50351506496942 ] ] ] ] } },
{ "type": "Feature", "properties": { "year": 2025, "month": 4, "ref_class": "thinning" }, "geometry": { "type": "MultiPolygon", "coordinates": [ [ [ [ 31.878728150484374, 49.425060308857148 ], [ 31.877725092522788, 49.425323789935248 ], [ 31.877377880151474, 49.424897200814023 ], [ 31.877204273965813, 49.424696451708904 ], [ 31.877262142694367, 49.424495701782426 ], [ 31.878091594470291, 49.42414438743468 ], [ 31.878843887941482, 49.423993823372776 ], [ 31.879229679465158, 49.424307497980379 ], [ 31.879306837769903, 49.424671358012993 ], [ 31.878728150484374, 49.425060308857148 ] ] ] ] } },
{ "type": "Feature", "properties": { "year": 2025, "month": 8, "ref_class": "thinning" }, "geometry": { "type": "MultiPolygon", "coordinates": [ [ [ [ 31.849022203160569, 49.436231919143417 ], [ 31.85232554308212, 49.434218582724291 ], [ 31.852557017996343, 49.432311795402292 ], [ 31.849244033286684, 49.432208299890654 ], [ 31.849258500468832, 49.432267888242187 ], [ 31.849022203160569, 49.436231919143417 ] ] ] ] } },
{ "type": "Feature", "properties": { "year": 2025, "month": 8, "ref_class": "thinning" }, "geometry": { "type": "MultiPolygon", "coordinates": [ [ [ [ 31.85435094858148, 49.439681368871042 ], [ 31.85537329611925, 49.439229818344678 ], [ 31.855556547092998, 49.439123201641443 ], [ 31.855595126245365, 49.438734362288919 ], [ 31.855440809635894, 49.438646559427788 ], [ 31.855411875271621, 49.43818872767644 ], [ 31.854823543197998, 49.437994304680906 ], [ 31.854592068283786, 49.438013119843198 ], [ 31.854273790276746, 49.43832043313872 ], [ 31.854235211124379, 49.43960611073873 ], [ 31.85435094858148, 49.439681368871042 ] ] ] ] } },
{ "type": "Feature", "properties": { "year": 2025, "month": 8, "ref_class": "dieback" }, "geometry": { "type": "MultiPolygon", "coordinates": [ [ [ [ 31.770884952432066, 49.398303342081476 ], [ 31.772630659076743, 49.398328449260141 ], [ 31.772630659076743, 49.39796439391327 ], [ 31.772379894586347, 49.397713319687924 ], [ 31.772100195731678, 49.397556397645275 ], [ 31.772466697679182, 49.397330429023008 ], [ 31.772563145560099, 49.397091905460442 ], [ 31.772582435136279, 49.396972643244773 ], [ 31.771897655181743, 49.397035412868092 ], [ 31.771579377174703, 49.397047966783113 ], [ 31.771425060565225, 49.397455967274823 ], [ 31.771444350141412, 49.397801195812818 ], [ 31.771463639717595, 49.3979204560165 ], [ 31.770557029636933, 49.398008331770754 ], [ 31.770566674425027, 49.398246850882551 ], [ 31.770884952432066, 49.398303342081476 ] ] ] ] } },
{ "type": "Feature", "properties": { "year": 2025, "month": 8, "ref_class": "thinning" }, "geometry": { "type": "MultiPolygon", "coordinates": [ [ [ [ 31.756475639022412, 49.391266549404989 ], [ 31.756919299274649, 49.39142976921881 ], [ 31.759465523330981, 49.391492545925871 ], [ 31.760989399849532, 49.391643209695523 ], [ 31.762629013825201, 49.391580433180998 ], [ 31.762879778315597, 49.391241438616255 ], [ 31.761703114168359, 49.390814553244041 ], [ 31.760410712564006, 49.390638775836095 ], [ 31.759523392059531, 49.390651331386081 ], [ 31.758944704774006, 49.390751775670537 ], [ 31.75828885918374, 49.390940108150374 ], [ 31.757343669950707, 49.390525775741686 ], [ 31.756514218174782, 49.390814553244049 ], [ 31.756475639022412, 49.391266549404989 ] ] ] ] } },
{ "type": "Feature", "properties": { "year": 2025, "month": 8, "ref_class": "dieback" }, "geometry": { "type": "MultiPolygon", "coordinates": [ [ [ [ 31.759735577397556, 49.394894923439324 ], [ 31.759446233754797, 49.394920032360446 ], [ 31.759127955747754, 49.394668942571819 ], [ 31.759050797443013, 49.394367633131175 ], [ 31.758819322528804, 49.394267196240193 ], [ 31.759600550364269, 49.394160481818517 ], [ 31.759610195152359, 49.394060044503959 ], [ 31.759127955747754, 49.393984716383279 ], [ 31.758828967316898, 49.393827782427479 ], [ 31.758568558038409, 49.393765008704769 ], [ 31.758655361131236, 49.393501358193333 ], [ 31.759581260788085, 49.393451138887855 ], [ 31.760015276252229, 49.393344422693211 ], [ 31.760304619894995, 49.393388364683773 ], [ 31.760458936504467, 49.39350763560288 ], [ 31.760565029173481, 49.393564132252962 ], [ 31.760304619894995, 49.393702234901824 ], [ 31.760285330318812, 49.394361355831485 ], [ 31.760555384385391, 49.394549674472579 ], [ 31.76006350019269, 49.394857260033618 ], [ 31.759735577397556, 49.394894923439324 ] ] ] ] } },
{ "type": "Feature", "properties": { "year": 2025, "month": 8, "ref_class": "dieback" }, "geometry": { "type": "MultiPolygon", "coordinates": [ [ [ [ 31.747843553679946, 49.399828579889871 ], [ 31.748267924356004, 49.399640281488942 ], [ 31.748509044058309, 49.399307619216195 ], [ 31.748615136727324, 49.398861973772277 ], [ 31.748885190793903, 49.398755269333527 ], [ 31.749338495834234, 49.398717608888028 ], [ 31.749753221722191, 49.398598350620091 ], [ 31.750736990107587, 49.398748992594619 ], [ 31.750582673498116, 49.398523029459547 ], [ 31.750438001676738, 49.398347279635715 ], [ 31.750216171550619, 49.398265681289431 ], [ 31.749579615536533, 49.398253127685649 ], [ 31.749213113589036, 49.398271958090099 ], [ 31.748808032489158, 49.398234297273966 ], [ 31.748518688846399, 49.398322172466663 ], [ 31.748451175329755, 49.398636011157052 ], [ 31.748171476475083, 49.398767822808949 ], [ 31.747911067196597, 49.398717608888028 ], [ 31.747621723553831, 49.398874527220407 ], [ 31.747448117368169, 49.398987508109272 ], [ 31.74717806330159, 49.399075381954233 ], [ 31.746840495718367, 49.399282512538122 ], [ 31.746811561354093, 49.399533578741284 ], [ 31.746840495718367, 49.399828579889871 ], [ 31.747843553679946, 49.399828579889871 ] ] ] ] } },
{ "type": "Feature", "properties": { "year": 2025, "month": 6, "ref_class": "thinning" }, "geometry": { "type": "MultiPolygon", "coordinates": [ [ [ [ 31.755414712332268, 49.387041478599144 ], [ 31.753003515309235, 49.385986723713856 ], [ 31.767528566176001, 49.376191489853134 ], [ 31.767277801685605, 49.379180498966427 ], [ 31.755414712332268, 49.387041478599144 ] ] ] ] } },
{ "type": "Feature", "properties": { "year": 2025, "month": 7, "ref_class": "thinning" }, "geometry": { "type": "MultiPolygon", "coordinates": [ [ [ [ 31.762735106494205, 49.382200720577188 ], [ 31.767277801685605, 49.379180498966427 ], [ 31.76705597155949, 49.381585389027109 ], [ 31.762735106494205, 49.382200720577188 ] ] ] ] } },
{ "type": "Feature", "properties": { "year": 2025, "month": 5, "ref_class": "thinning" }, "geometry": { "type": "MultiPolygon", "coordinates": [ [ [ [ 31.750225816338705, 49.38658316527016 ], [ 31.75075627968377, 49.386771513731048 ], [ 31.751190295147925, 49.385679082607027 ], [ 31.748904480370083, 49.384523841661327 ], [ 31.748624781515407, 49.385051237636539 ], [ 31.750495870405285, 49.385760701863923 ], [ 31.750225816338705, 49.38658316527016 ] ] ] ] } },
{ "type": "Feature", "properties": { "year": 2025, "month": 9, "ref_class": "thinning" }, "geometry": { "type": "MultiPolygon", "coordinates": [ [ [ [ 31.837561725958111, 49.428284424960751 ], [ 31.836052751559077, 49.428181087036165 ], [ 31.832785111295959, 49.428049429899922 ], [ 31.832895378489756, 49.428102282313411 ], [ 31.832630002116382, 49.428465186170442 ], [ 31.837604107986589, 49.428655488339579 ], [ 31.837561725958111, 49.428284424960751 ] ] ] ] } },
{ "type": "Feature", "properties": { "year": 2025, "month": 6, "ref_class": "thinning" }, "geometry": { "type": "MultiPolygon", "coordinates": [ [ [ [ 31.808143137931044, 49.293832116951641 ], [ 31.808445051724149, 49.293756385300547 ], [ 31.806765172413794, 49.291953937667287 ], [ 31.806370362068968, 49.292100357441448 ], [ 31.808057982758626, 49.293827068178508 ], [ 31.808143137931044, 49.293832116951641 ] ] ] ] } },
{ "type": "Feature", "properties": { "year": 2025, "month": 7, "ref_class": "blowdown" }, "geometry": { "type": "MultiPolygon", "coordinates": [ [ [ [ 31.684090590397325, 49.445553798763427 ], [ 31.683079696747708, 49.445347601288141 ], [ 31.68199942804371, 49.445134959233492 ], [ 31.68208862454221, 49.44480632878961 ], [ 31.682465231980306, 49.44458724060334 ], [ 31.682891393028669, 49.444600128170812 ], [ 31.682950857360993, 49.444477696143068 ], [ 31.682584160644961, 49.444355263809619 ], [ 31.682564339200852, 49.444161948976493 ], [ 31.682831928696338, 49.444033071997644 ], [ 31.683139161080039, 49.443975077246641 ], [ 31.683020232415384, 49.443820424241963 ], [ 31.683089607469764, 49.443672214654732 ], [ 31.683773447291561, 49.443163143530093 ], [ 31.683832911623892, 49.443176031471872 ], [ 31.683981572454716, 49.44324047112999 ], [ 31.684001393898825, 49.443691546365422 ], [ 31.684249161950202, 49.44374954145178 ], [ 31.684189697617871, 49.444071735126862 ], [ 31.684031126064994, 49.44418772433162 ], [ 31.683902286678276, 49.444335932360616 ], [ 31.684001393898825, 49.444606571953258 ], [ 31.68429871556048, 49.444638790852892 ], [ 31.684447376391304, 49.444645234630279 ], [ 31.684526662167741, 49.444915872515651 ], [ 31.684764519497065, 49.445038303449245 ], [ 31.684566305055966, 49.4452445022253 ], [ 31.684229340506093, 49.445263833316076 ], [ 31.684090590397325, 49.445553798763427 ] ] ] ] } },
{ "type": "Feature", "properties": { "year": 2025, "month": 7, "ref_class": "thinning" }, "geometry": { "type": "MultiPolygon", "coordinates": [ [ [ [ 31.702294130425049, 49.667176281561289 ], [ 31.703820599641098, 49.66782662372642 ], [ 31.70573594731421, 49.666323678282104 ], [ 31.702699245476659, 49.666784805964234 ], [ 31.702294130425049, 49.667176281561289 ] ] ] ] } },
{ "type": "Feature", "properties": { "year": 2025, "month": 7, "ref_class": "thinning" }, "geometry": { "type": "MultiPolygon", "coordinates": [ [ [ [ 31.703486731942824, 49.666165270742269 ], [ 31.705355762157144, 49.66597667367396 ], [ 31.705143407046155, 49.66557283505977 ], [ 31.704560583256718, 49.665121583518868 ], [ 31.703506983135515, 49.665776959133062 ], [ 31.703486731942824, 49.666165270742269 ] ] ] ] } },
{ "type": "Feature", "properties": { "year": 2025, "month": 6, "ref_class": "thinning" }, "geometry": { "type": "MultiPolygon", "coordinates": [ [ [ [ 31.75422051682278, 49.395198655300817 ], [ 31.758759607148978, 49.395398993508856 ], [ 31.755059841424991, 49.39278907510927 ], [ 31.754078625244816, 49.392742018113786 ], [ 31.755177893387483, 49.394009201659081 ], [ 31.75422051682278, 49.395198655300817 ] ] ] ] } },
{ "type": "Feature", "properties": { "year": 2025, "month": 6, "ref_class": "thinning" }, "geometry": { "type": "MultiPolygon", "coordinates": [ [ [ [ 31.745450261696799, 49.396597260920373 ], [ 31.744086095927919, 49.396353372240952 ], [ 31.743806090918405, 49.395039898302322 ], [ 31.744483188692012, 49.394912053225717 ], [ 31.746002974800426, 49.395974527804832 ], [ 31.745450261696799, 49.396597260920373 ] ] ] ] } },
{ "type": "Feature", "properties": { "year": 2025, "month": 3, "ref_class": "clearcut" }, "geometry": { "type": "MultiPolygon", "coordinates": [ [ [ [ 29.090294337043883, 50.894572640595626 ], [ 29.090829642747302, 50.894999803732709 ], [ 29.091386576963995, 50.895005210861022 ], [ 29.092132760671806, 50.8943725768479 ], [ 29.092176017698343, 50.894021113507257 ], [ 29.091262213012701, 50.893350629595901 ], [ 29.090597136229654, 50.894069777662104 ], [ 29.090294337043883, 50.894572640595626 ] ] ] ] } },
{ "type": "Feature", "properties": { "year": 2025, "month": 7, "ref_class": "clearcut" }, "geometry": { "type": "MultiPolygon", "coordinates": [ [ [ [ 29.075177809558802, 50.890586682796091 ], [ 29.07581027972558, 50.890554248428565 ], [ 29.075545399057443, 50.890105573011105 ], [ 29.07548593605031, 50.889910966805935 ], [ 29.076069754665802, 50.889035238882705 ], [ 29.075999480202821, 50.888927124324269 ], [ 29.075615673520417, 50.888786575398328 ], [ 29.075307547028903, 50.888808198310009 ], [ 29.074810220060151, 50.889170382080735 ], [ 29.07490340578768, 50.88952942528212 ], [ 29.074642642494595, 50.890046110003972 ], [ 29.075177809558802, 50.890586682796091 ] ] ] ] } },
{ "type": "Feature", "properties": { "year": 2025, "month": 8, "ref_class": "clearcut" }, "geometry": { "type": "MultiPolygon", "coordinates": [ [ [ [ 29.075853525548951, 50.887716241269921 ], [ 29.074318298819325, 50.889246062271596 ], [ 29.074285864451799, 50.890521814061003 ], [ 29.074934551802336, 50.891008329573914 ], [ 29.075075100728295, 50.891311050337507 ], [ 29.075085912184136, 50.891657016924462 ], [ 29.075626484976258, 50.891635394012773 ], [ 29.076242737959266, 50.891516467998514 ], [ 29.075972451563207, 50.890770477545381 ], [ 29.07581027972558, 50.890554248428565 ], [ 29.075177809558802, 50.890586682796091 ], [ 29.074642642494595, 50.890046110003972 ], [ 29.07490340578768, 50.88952942528212 ], [ 29.074810220060151, 50.889170382080735 ], [ 29.075307547028903, 50.888808198310009 ], [ 29.075615673520417, 50.888786575398328 ], [ 29.075999480202821, 50.888927124324269 ], [ 29.075853525548951, 50.887716241269921 ] ] ] ] } },
{ "type": "Feature", "properties": { "year": 2025, "month": 3, "ref_class": "clearcut" }, "geometry": { "type": "MultiPolygon", "coordinates": [ [ [ [ 29.328019244676323, 50.852174290214883 ], [ 29.328160121446768, 50.851762496578232 ], [ 29.328593588432739, 50.851356121278869 ], [ 29.328869923636301, 50.851041857714051 ], [ 29.329146258839852, 50.851350702941552 ], [ 29.32928171727297, 50.853994851555989 ], [ 29.32830641655454, 50.854487920252545 ], [ 29.327932551279137, 50.854260350084893 ], [ 29.328019244676323, 50.852174290214883 ] ] ] ] } },
{ "type": "Feature", "properties": { "year": 2025, "month": 8, "ref_class": "clearcut" }, "geometry": { "type": "MultiPolygon", "coordinates": [ [ [ [ 29.319268686558708, 50.85078391541105 ], [ 29.32001633857114, 50.851060221589563 ], [ 29.320617710842026, 50.851179412490097 ], [ 29.321137816589808, 50.851347363304498 ], [ 29.321896304138651, 50.851179412490104 ], [ 29.322492258641329, 50.850843510861324 ], [ 29.322974440011667, 50.850556369146403 ], [ 29.323136973057846, 50.850339658418157 ], [ 29.323017782157315, 50.849895401425258 ], [ 29.322958186707051, 50.849396966750284 ], [ 29.322687298296746, 50.849120660571785 ], [ 29.322362232204373, 50.84915858494923 ], [ 29.322421827654647, 50.849434891127729 ], [ 29.322671044992131, 50.849722032842664 ], [ 29.322405574350025, 50.850106694385289 ], [ 29.322020912807393, 50.849917072498073 ], [ 29.321722428161689, 50.850011084188893 ], [ 29.321771695469923, 50.850399253868424 ], [ 29.321376198390869, 50.850664724510523 ], [ 29.320948194702595, 50.850876017470569 ], [ 29.320092187326036, 50.85076224433822 ], [ 29.31953415720081, 50.850523862537159 ], [ 29.319312028704356, 50.850610546828463 ], [ 29.319268686558708, 50.85078391541105 ] ] ] ] } },
{ "type": "Feature", "properties": { "year": 2025, "month": 3, "ref_class": "clearcut" }, "geometry": { "type": "MultiPolygon", "coordinates": [ [ [ [ 29.467473670738361, 50.815730636192008 ], [ 29.469690982236404, 50.817039141991991 ], [ 29.471059981947597, 50.816085488845516 ], [ 29.468421439769184, 50.814732598648661 ], [ 29.468204974002884, 50.814721509222835 ], [ 29.467643333095729, 50.815264887992534 ], [ 29.467403465624965, 50.815675190221341 ], [ 29.467473670738361, 50.815730636192008 ] ] ] ] } },
{ "type": "Feature", "properties": { "year": 2025, "month": 8, "ref_class": "clearcut" }, "geometry": { "type": "MultiPolygon", "coordinates": [ [ [ [ 29.562533316522035, 50.743866573286745 ], [ 29.562463140019346, 50.744044200407416 ], [ 29.562591796940943, 50.74463998645404 ], [ 29.563024552040858, 50.744639986454025 ], [ 29.563059640292202, 50.744410554215648 ], [ 29.563363738470521, 50.744380949973959 ], [ 29.563463155182671, 50.744643686964793 ], [ 29.563831581821784, 50.744736199638758 ], [ 29.564083047623086, 50.7444993668284 ], [ 29.564071351539308, 50.744284736059221 ], [ 29.564223400628467, 50.744144115366659 ], [ 29.564650307686492, 50.744029398173097 ], [ 29.56363859643939, 50.743896177853664 ], [ 29.562568404773376, 50.743814765249617 ], [ 29.562533316522035, 50.743866573286745 ] ] ] ] } },
{ "type": "Feature", "properties": { "year": 2025, "month": 6, "ref_class": "clearcut" }, "geometry": { "type": "MultiPolygon", "coordinates": [ [ [ [ 29.435343021281636, 50.744999520507079 ], [ 29.436020351013472, 50.746148586810484 ], [ 29.436680163597067, 50.746148586810499 ], [ 29.437106414204173, 50.746122723892007 ], [ 29.437310780933608, 50.74608208213413 ], [ 29.437538503860686, 50.746218786088598 ], [ 29.437573538157157, 50.746056219178932 ], [ 29.437614411503045, 50.7459269041886 ], [ 29.437701997244233, 50.745745862602099 ], [ 29.437842134430131, 50.74565349417604 ], [ 29.437883007776019, 50.745527872824134 ], [ 29.437614411503045, 50.74529510295767 ], [ 29.437328298081841, 50.745110364144722 ], [ 29.437036345611219, 50.744966267364603 ], [ 29.436838552069528, 50.744970151593279 ], [ 29.435343021281636, 50.744999520507079 ] ] ] ] } },
{ "type": "Feature", "properties": { "year": 2025, "month": 8, "ref_class": "clearcut" }, "geometry": { "type": "MultiPolygon", "coordinates": [ [ [ [ 29.441525030099719, 50.740085279184164 ], [ 29.441011196446539, 50.740122230776578 ], [ 29.440602465131512, 50.740499135353645 ], [ 29.440403938492782, 50.740358720277534 ], [ 29.439960173065032, 50.74118642412585 ], [ 29.440929450183539, 50.741459858789412 ], [ 29.441244757197989, 50.741297276208911 ], [ 29.441992151602616, 50.741637220960726 ], [ 29.442050541790483, 50.742006723326625 ], [ 29.441805303001459, 50.742331882996744 ], [ 29.441583420287586, 50.742405782606873 ], [ 29.441968795527469, 50.742716159695838 ], [ 29.4436037207876, 50.742464902211026 ], [ 29.443356338045877, 50.742181712174741 ], [ 29.443066531059269, 50.742176693435844 ], [ 29.441525030099719, 50.740085279184164 ] ] ] ] } },
{ "type": "Feature", "properties": { "year": 2025, "month": 5, "ref_class": "clearcut" }, "geometry": { "type": "MultiPolygon", "coordinates": [ [ [ [ 29.448398117066695, 50.740030142428317 ], [ 29.448935346643921, 50.740037533306058 ], [ 29.449507612932706, 50.740436638971389 ], [ 29.449834622240573, 50.741109198230127 ], [ 29.449904695663694, 50.741626544933034 ], [ 29.449787906625168, 50.741781747829343 ], [ 29.449437539509585, 50.741663498050258 ], [ 29.449005420067035, 50.742195619704667 ], [ 29.447592272700863, 50.74246167826427 ], [ 29.448398117066695, 50.740030142428317 ] ] ] ] } },
{ "type": "Feature", "properties": { "year": 2025, "month": 6, "ref_class": "clearcut" }, "geometry": { "type": "MultiPolygon", "coordinates": [ [ [ [ 29.449863819500212, 50.741988684224268 ], [ 29.450144113192675, 50.741730013587734 ], [ 29.450173310452303, 50.741619154306086 ], [ 29.449904695663694, 50.741626544933034 ], [ 29.449787906625168, 50.741781747829343 ], [ 29.449437539509585, 50.741663498050258 ], [ 29.449005420067035, 50.742195619704667 ], [ 29.449863819500212, 50.741988684224268 ] ] ] ] } },
{ "type": "Feature", "properties": { "year": 2025, "month": 7, "ref_class": "clearcut" }, "geometry": { "type": "MultiPolygon", "coordinates": [ [ [ [ 29.384098599764048, 50.742321073719452 ], [ 29.385498958908581, 50.742225072951946 ], [ 29.385463949929971, 50.742003531968059 ], [ 29.385592316184887, 50.741641679440278 ], [ 29.385965745290093, 50.741538292490162 ], [ 29.386000754268711, 50.741228130270251 ], [ 29.385860718354255, 50.740888426434111 ], [ 29.385849048694716, 50.740762883088415 ], [ 29.384296983976185, 50.740873656646215 ], [ 29.384127773912891, 50.74144229011781 ], [ 29.384098599764048, 50.742321073719452 ] ] ] ] } },
{ "type": "Feature", "properties": { "year": 2025, "month": 8, "ref_class": "clearcut" }, "geometry": { "type": "MultiPolygon", "coordinates": [ [ [ [ 29.394356427443402, 50.735632772936377 ], [ 29.392174232835814, 50.735677086600717 ], [ 29.391987520997731, 50.736120220937998 ], [ 29.39272269886018, 50.737346204091843 ], [ 29.394216393564847, 50.73722803843841 ], [ 29.394356427443402, 50.735632772936377 ] ] ] ] } },
{ "type": "Feature", "properties": { "year": 2025, "month": 7, "ref_class": "clearcut" }, "geometry": { "type": "MultiPolygon", "coordinates": [ [ [ [ 29.05388657394796, 50.738830040621799 ], [ 29.052805813601648, 50.739252920903944 ], [ 29.053392678090773, 50.740069252908668 ], [ 29.05468842839845, 50.740083961462922 ], [ 29.055333398282542, 50.739999387212841 ], [ 29.05543217745398, 50.739918489961141 ], [ 29.05543217745398, 50.739789789499952 ], [ 29.055164892637148, 50.739377945647298 ], [ 29.054769775951396, 50.739366914065712 ], [ 29.054235206317745, 50.739473552578765 ], [ 29.054148621214949, 50.73931373304957 ], [ 29.054223585238745, 50.739179376781372 ], [ 29.054363038186654, 50.739039642630253 ], [ 29.054014405816883, 50.738800622720973 ], [ 29.05388657394796, 50.738830040621799 ] ] ] ] } },
{ "type": "Feature", "properties": { "year": 2025, "month": 6, "ref_class": "clearcut" }, "geometry": { "type": "MultiPolygon", "coordinates": [ [ [ [ 29.477970394904858, 50.729578249701866 ], [ 29.477725106003135, 50.729947922739797 ], [ 29.477684224519511, 50.730306502799408 ], [ 29.477082682689097, 50.730202995435121 ], [ 29.476662187428992, 50.730247355762096 ], [ 29.476808192727642, 50.730587450206734 ], [ 29.47709436311299, 50.730886879141245 ], [ 29.477456456253623, 50.73076488980638 ], [ 29.478782184365322, 50.731238058786225 ], [ 29.478911837070523, 50.73099186364783 ], [ 29.479044993902889, 50.730739013239962 ], [ 29.478642019278624, 50.730683563406643 ], [ 29.4783967303769, 50.7306022368657 ], [ 29.478562021126521, 50.730297876118264 ], [ 29.478589457371115, 50.730247355762103 ], [ 29.478227364230474, 50.729559765973391 ], [ 29.477970394904858, 50.729578249701866 ] ] ] ] } },
{ "type": "Feature", "properties": { "year": 2025, "month": 7, "ref_class": "clearcut" }, "geometry": { "type": "MultiPolygon", "coordinates": [ [ [ [ 29.479231880685152, 50.730842519419873 ], [ 29.47980422145584, 50.730391526534675 ], [ 29.479745819336383, 50.730302806111773 ], [ 29.479617334673577, 50.730280625979773 ], [ 29.479103396022339, 50.730435886683125 ], [ 29.47884642669673, 50.730487640136566 ], [ 29.478562021126521, 50.730297876118264 ], [ 29.4783967303769, 50.7306022368657 ], [ 29.478642019278624, 50.730683563406643 ], [ 29.479044993902889, 50.730739013239962 ], [ 29.478911837070523, 50.73099186364783 ], [ 29.479231880685152, 50.730842519419873 ] ] ] ] } },
{ "type": "Feature", "properties": { "year": 2025, "month": 8, "ref_class": "clearcut" }, "geometry": { "type": "MultiPolygon", "coordinates": [ [ [ [ 29.321586157801995, 50.731420050688889 ], [ 29.321236402986116, 50.731977185922112 ], [ 29.321580328555061, 50.73280734202288 ], [ 29.321469572863364, 50.733021335432653 ], [ 29.321376304912466, 50.733519419755687 ], [ 29.32127720771463, 50.733803509923455 ], [ 29.321192683634113, 50.733952933281287 ], [ 29.321134391164794, 50.734034101325236 ], [ 29.321271378467682, 50.734120803398653 ], [ 29.321673596505946, 50.734026722417966 ], [ 29.322002948957572, 50.733919728131852 ], [ 29.322160338624712, 50.733860696696965 ], [ 29.322568385909904, 50.733783217825767 ], [ 29.322737434070913, 50.733775838878969 ], [ 29.32256255666297, 50.733259309714406 ], [ 29.322562556662977, 50.732875598647695 ], [ 29.322585873650702, 50.732488194862732 ], [ 29.321586157801995, 50.731420050688889 ] ] ] ] } },
{ "type": "Feature", "properties": { "year": 2025, "month": 6, "ref_class": "clearcut" }, "geometry": { "type": "MultiPolygon", "coordinates": [ [ [ [ 29.553876612071097, 50.725843907881533 ], [ 29.554800184373171, 50.726021522916668 ], [ 29.555022309357216, 50.725954917357392 ], [ 29.555606848788909, 50.726243540763711 ], [ 29.555992644813827, 50.726450756471756 ], [ 29.556062789545635, 50.72655436398211 ], [ 29.554998927779948, 50.728582064848062 ], [ 29.553923375225637, 50.728323056852858 ], [ 29.554402697559617, 50.727264809309538 ], [ 29.554437769925524, 50.726768978810419 ], [ 29.554349319253618, 50.726623168742677 ], [ 29.554122118632407, 50.726591366608858 ], [ 29.553841539705193, 50.726724575823141 ], [ 29.553514197623443, 50.726598767130696 ], [ 29.553373908159838, 50.726598767130703 ], [ 29.553876612071097, 50.725843907881533 ] ] ] ] } },
{ "type": "Feature", "properties": { "year": 2025, "month": 7, "ref_class": "clearcut" }, "geometry": { "type": "MultiPolygon", "coordinates": [ [ [ [ 29.386379521058522, 50.73160091690751 ], [ 29.388001275889817, 50.731497528690682 ], [ 29.387767929870925, 50.729525724023979 ], [ 29.386379521058522, 50.729983603667414 ], [ 29.386379521058522, 50.73160091690751 ] ] ] ] } },
{ "type": "Feature", "properties": { "year": 2025, "month": 8, "ref_class": "clearcut" }, "geometry": { "type": "MultiPolygon", "coordinates": [ [ [ [ 29.39842120186691, 50.731285726472706 ], [ 29.399378055781987, 50.731226638770877 ], [ 29.399751462187869, 50.729535221703941 ], [ 29.399238028379777, 50.729424428061861 ], [ 29.398654580870584, 50.730310769861816 ], [ 29.398467877667642, 50.730840720385281 ], [ 29.39842120186691, 50.731285726472706 ] ] ] ] } },
{ "type": "Feature", "properties": { "year": 2025, "month": 7, "ref_class": "clearcut" }, "geometry": { "type": "MultiPolygon", "coordinates": [ [ [ [ 29.469107351479234, 50.726876411014302 ], [ 29.46940840727914, 50.726741888221618 ], [ 29.470099998402357, 50.726432858434748 ], [ 29.470142853605136, 50.726495253628968 ], [ 29.470333562384273, 50.726772915788004 ], [ 29.470637195560762, 50.726795093355754 ], [ 29.470847403144482, 50.726647242705852 ], [ 29.471092645325491, 50.726514176722034 ], [ 29.471699911678456, 50.726551139533221 ], [ 29.471536416891119, 50.726869018505724 ], [ 29.470929150538147, 50.727127755612088 ], [ 29.470054126700184, 50.727007033073043 ], [ 29.469107351479234, 50.726876411014302 ] ] ] ] } },
{ "type": "Feature", "properties": { "year": 2025, "month": 8, "ref_class": "clearcut" }, "geometry": { "type": "MultiPolygon", "coordinates": [ [ [ [ 29.469375950058435, 50.726728560621041 ], [ 29.469171581574262, 50.72671007928907 ], [ 29.469002247687378, 50.726543746973327 ], [ 29.468488406927168, 50.726765523263104 ], [ 29.468441694130792, 50.727674795075572 ], [ 29.468990569488277, 50.727918743047226 ], [ 29.469644548637632, 50.727489985160453 ], [ 29.469387628257529, 50.727246034956217 ], [ 29.470054126700184, 50.727007033073043 ], [ 29.469107351479234, 50.726876411014302 ], [ 29.46940840727914, 50.726741888221618 ], [ 29.469375950058435, 50.726728560621041 ] ] ] ] } },
{ "type": "Feature", "properties": { "year": 2025, "month": 8, "ref_class": "clearcut" }, "geometry": { "type": "MultiPolygon", "coordinates": [ [ [ [ 29.471235703264419, 50.727227553828399 ], [ 29.471661957531406, 50.727046438389785 ], [ 29.471994786205634, 50.726787700834343 ], [ 29.472327614879859, 50.726381110360293 ], [ 29.471259059662611, 50.726388502945838 ], [ 29.470961265585675, 50.726455036163465 ], [ 29.470161308947624, 50.726464276880655 ], [ 29.470142853605136, 50.726495253628968 ], [ 29.470333562384273, 50.726772915788004 ], [ 29.470637195560762, 50.726795093355754 ], [ 29.470847403144482, 50.726647242705852 ], [ 29.471092645325491, 50.726514176722034 ], [ 29.471699911678456, 50.726551139533221 ], [ 29.471536416891119, 50.726869018505724 ], [ 29.470929150538147, 50.727127755612088 ], [ 29.471235703264419, 50.727227553828399 ] ] ] ] } },
{ "type": "Feature", "properties": { "year": 2025, "month": 3, "ref_class": "clearcut" }, "geometry": { "type": "MultiPolygon", "coordinates": [ [ [ [ 29.563370576772243, 50.7257446516005 ], [ 29.563896688400053, 50.725855666827201 ], [ 29.564411108658359, 50.725167368181438 ], [ 29.565077516720251, 50.724523466745936 ], [ 29.565393183696944, 50.724456855747555 ], [ 29.565545171500531, 50.724153404445531 ], [ 29.566129739975878, 50.724220015875304 ], [ 29.56626366359988, 50.72372343971994 ], [ 29.566293419148977, 50.723613108238297 ], [ 29.565778998890675, 50.723790740555494 ], [ 29.565681151121282, 50.723782997622372 ], [ 29.565217813154337, 50.723746332539314 ], [ 29.565486714652998, 50.722998791283196 ], [ 29.565112590828772, 50.723117214455392 ], [ 29.564847609142014, 50.723324436543486 ], [ 29.564317577702305, 50.723738931199193 ], [ 29.564094682930762, 50.724211023562624 ], [ 29.564118824420685, 50.724627083666306 ], [ 29.563370576772243, 50.7257446516005 ] ] ] ] } },
{ "type": "Feature", "properties": { "year": 2025, "month": 4, "ref_class": "clearcut" }, "geometry": { "type": "MultiPolygon", "coordinates": [ [ [ [ 29.56695398152614, 50.722732338051465 ], [ 29.566392795789806, 50.722702732043295 ], [ 29.565681151121282, 50.723782997622372 ], [ 29.565778998890675, 50.723790740555494 ], [ 29.566293419148977, 50.723613108238297 ], [ 29.56626366359988, 50.72372343971994 ], [ 29.56695398152614, 50.722732338051465 ] ] ] ] } },
{ "type": "Feature", "properties": { "year": 2025, "month": 3, "ref_class": "clearcut" }, "geometry": { "type": "MultiPolygon", "coordinates": [ [ [ [ 29.56695398152614, 50.722732338051465 ], [ 29.567222883024801, 50.722147615926723 ], [ 29.566673388657975, 50.722118009549121 ], [ 29.566392795789806, 50.722702732043295 ], [ 29.56695398152614, 50.722732338051465 ] ] ] ] } },
{ "type": "Feature", "properties": { "year": 2025, "month": 5, "ref_class": "clearcut" }, "geometry": { "type": "MultiPolygon", "coordinates": [ [ [ [ 29.566094665867379, 50.722223482183949 ], [ 29.565393183696962, 50.722378915107825 ], [ 29.56493722028619, 50.722867415226354 ], [ 29.564847609142014, 50.723324436543486 ], [ 29.565112590828772, 50.723117214455392 ], [ 29.565486714652998, 50.722998791283196 ], [ 29.566094665867379, 50.722223482183949 ] ] ] ] } },
{ "type": "Feature", "properties": { "year": 2025, "month": 8, "ref_class": "clearcut" }, "geometry": { "type": "MultiPolygon", "coordinates": [ [ [ [ 29.569765755892565, 50.724258872498957 ], [ 29.569245489949502, 50.725102608379828 ], [ 29.568894748864292, 50.724854670026296 ], [ 29.568649230104651, 50.72465853875751 ], [ 29.568573236202855, 50.72445500544071 ], [ 29.568421248399268, 50.724099745169354 ], [ 29.569058428037398, 50.722959933614611 ], [ 29.569695607675527, 50.723144969843105 ], [ 29.569075965091653, 50.724070140025169 ], [ 29.569765755892565, 50.724258872498957 ] ] ] ] } },
{ "type": "Feature", "properties": { "year": 2025, "month": 8, "ref_class": "clearcut" }, "geometry": { "type": "MultiPolygon", "coordinates": [ [ [ [ 29.40892971114399, 50.727060412710372 ], [ 29.40957154511274, 50.726539618962427 ], [ 29.410330076166719, 50.726487908628982 ], [ 29.410977744989729, 50.726598716416518 ], [ 29.411076937512171, 50.726735378993546 ], [ 29.411065267803647, 50.727185993315231 ], [ 29.410910892218212, 50.727194429733089 ], [ 29.410254223061322, 50.727230315801286 ], [ 29.409548205695693, 50.727211848103849 ], [ 29.40892971114399, 50.727060412710372 ] ] ] ] } },
{ "type": "Feature", "properties": { "year": 2025, "month": 8, "ref_class": "clearcut" }, "geometry": { "type": "MultiPolygon", "coordinates": [ [ [ [ 29.426059687445104, 50.726428540329685 ], [ 29.428306478980748, 50.726147779173097 ], [ 29.427769583341071, 50.724847389769117 ], [ 29.427209344412702, 50.724928665164235 ], [ 29.427221016057043, 50.725275931173456 ], [ 29.42678916521642, 50.725283319783983 ], [ 29.426322299442784, 50.725290708393359 ], [ 29.425575314204952, 50.725150324616173 ], [ 29.426059687445104, 50.726428540329685 ] ] ] ] } },
{ "type": "Feature", "properties": { "year": 2025, "month": 3, "ref_class": "thinning" }, "geometry": { "type": "MultiPolygon", "coordinates": [ [ [ [ 29.550897326585389, 50.720329159579769 ], [ 29.551399959925039, 50.719352287030333 ], [ 29.551890904117258, 50.719367088281494 ], [ 29.553550763052858, 50.71887124382269 ], [ 29.55383130259127, 50.719108065711218 ], [ 29.553620897937463, 50.719352287030333 ], [ 29.553293601809308, 50.719714916338098 ], [ 29.553667654527196, 50.720625177544171 ], [ 29.554240422751445, 50.720684380912658 ], [ 29.55378454600153, 50.721313412083703 ], [ 29.553266749550431, 50.721254168680169 ], [ 29.552814346764524, 50.721202407196493 ], [ 29.552849414206829, 50.720277356243763 ], [ 29.552849414206829, 50.720277356243763 ], [ 29.552814563490763, 50.720278281091758 ], [ 29.550897326585389, 50.720329159579769 ] ] ] ] } },
{ "type": "Feature", "properties": { "year": 2025, "month": 3, "ref_class": "thinning" }, "geometry": { "type": "MultiPolygon", "coordinates": [ [ [ [ 29.552849414206829, 50.723459454885422 ], [ 29.548278957560221, 50.722386445770169 ], [ 29.549132265322886, 50.721017398466778 ], [ 29.550394693245732, 50.721446617601252 ], [ 29.551112873003675, 50.721762361858673 ], [ 29.551236311860972, 50.721816630941071 ], [ 29.552264956835138, 50.72192763437328 ], [ 29.552779279322223, 50.721890633258425 ], [ 29.552779279322223, 50.721890633258425 ], [ 29.552869870214845, 50.721864732460659 ], [ 29.552849414206829, 50.723459454885422 ] ] ] ] } },
{ "type": "Feature", "properties": { "year": 2025, "month": 4, "ref_class": "thinning" }, "geometry": { "type": "MultiPolygon", "coordinates": [ [ [ [ 29.552814346764524, 50.721202407196493 ], [ 29.552849414206829, 50.720277356243763 ], [ 29.552814563490763, 50.720278281091758 ], [ 29.550897326585389, 50.720329159579769 ], [ 29.550853492282503, 50.720850889985542 ], [ 29.551112873003675, 50.721762361858673 ], [ 29.551236311860972, 50.721816630941071 ], [ 29.552264956835138, 50.72192763437328 ], [ 29.552779279322223, 50.721890633258425 ], [ 29.552869870214845, 50.721864732460659 ], [ 29.553266749550431, 50.721254168680169 ], [ 29.552814346764524, 50.721202407196493 ] ] ] ] } },
{ "type": "Feature", "properties": { "year": 2025, "month": 8, "ref_class": "thinning" }, "geometry": { "type": "MultiPolygon", "coordinates": [ [ [ [ 29.549875622042347, 50.71952689524241 ], [ 29.549132265322886, 50.721017398466778 ], [ 29.550394693245732, 50.721446617601252 ], [ 29.551112873003675, 50.721762361858673 ], [ 29.550853492282503, 50.720850889985542 ], [ 29.550897326585389, 50.720329159579769 ], [ 29.551399959925039, 50.719352287030333 ], [ 29.549875622042347, 50.71952689524241 ] ] ] ] } },
{ "type": "Feature", "properties": { "year": 2025, "month": 8, "ref_class": "clearcut" }, "geometry": { "type": "MultiPolygon", "coordinates": [ [ [ [ 29.039199782282591, 50.732399102093105 ], [ 29.039211399707085, 50.732178506483017 ], [ 29.039443748197023, 50.732002029246999 ], [ 29.039710948960451, 50.732024088937848 ], [ 29.040117558817844, 50.731825551346091 ], [ 29.040663577769195, 50.732075561509482 ], [ 29.04087269141014, 50.732391748922829 ], [ 29.040849456561148, 50.73267852170784 ], [ 29.040419611854762, 50.733060882690161 ], [ 29.040024619421867, 50.733060882690154 ], [ 29.039362426225544, 50.732877055684384 ], [ 29.039342095732675, 50.732678521707854 ], [ 29.039420513348031, 50.732566386404784 ], [ 29.039199782282591, 50.732399102093105 ] ] ] ] } },
{ "type": "Feature", "properties": { "year": 2025, "month": 6, "ref_class": "thinning" }, "geometry": { "type": "MultiPolygon", "coordinates": [ [ [ [ 29.402015696235672, 50.72356371599404 ], [ 29.400148825117807, 50.723763152119325 ], [ 29.39998547389499, 50.724043838561286 ], [ 29.399903798283585, 50.725979051952336 ], [ 29.401875680901828, 50.725757466684897 ], [ 29.402015696235672, 50.72356371599404 ] ] ] ] } },
{ "type": "Feature", "properties": { "year": 2025, "month": 8, "ref_class": "thinning" }, "geometry": { "type": "MultiPolygon", "coordinates": [ [ [ [ 29.378530049452099, 50.723442379062668 ], [ 29.375999023500416, 50.723582672570288 ], [ 29.375917377501974, 50.723154406862605 ], [ 29.376838334635796, 50.723255916192798 ], [ 29.3769204569114, 50.722955040456569 ], [ 29.376069005784796, 50.722851664949133 ], [ 29.376173979211362, 50.722452928712656 ], [ 29.376908793197341, 50.722438160638724 ], [ 29.376803819770771, 50.721928659238323 ], [ 29.376652191487953, 50.721766208351703 ], [ 29.377060421480156, 50.72166283022154 ], [ 29.377736916895817, 50.721921275119328 ], [ 29.37718872233485, 50.722349552097484 ], [ 29.377200386048909, 50.722836897000882 ], [ 29.37793520003488, 50.722814745069776 ], [ 29.378168474316151, 50.72263014523665 ], [ 29.378565040594289, 50.722548921079699 ], [ 29.378530049452099, 50.723442379062668 ] ] ] ] } },
{ "type": "Feature", "properties": { "year": 2025, "month": 6, "ref_class": "thinning" }, "geometry": { "type": "MultiPolygon", "coordinates": [ [ [ [ 29.574852236712914, 50.715515009228028 ], [ 29.573858531955633, 50.7153299543522 ], [ 29.573402596831695, 50.715196714389194 ], [ 29.572560870449053, 50.715070876298562 ], [ 29.571649000201187, 50.714996853734483 ], [ 29.570725439309125, 50.714478692512706 ], [ 29.570702058020718, 50.714264024042691 ], [ 29.570503317069264, 50.714241816903467 ], [ 29.570129216454756, 50.714604532193221 ], [ 29.570012310012718, 50.714885819669199 ], [ 29.570140907098953, 50.715396574191665 ], [ 29.570608532867091, 50.715737074114578 ], [ 29.570936529152842, 50.715719910735274 ], [ 29.57109953992363, 50.715914725266309 ], [ 29.571298280875094, 50.716247819360866 ], [ 29.571181374433056, 50.716669735148997 ], [ 29.570655295443899, 50.717713405254003 ], [ 29.57101770541421, 50.717942861522225 ], [ 29.571286590230891, 50.718246334216033 ], [ 29.571461949893941, 50.718423975856687 ], [ 29.572023100815699, 50.718557206645293 ], [ 29.572479035939629, 50.718394368963338 ], [ 29.572104935325122, 50.717883647108948 ], [ 29.571836050508441, 50.717617181323327 ], [ 29.572479035939629, 50.716751157056862 ], [ 29.572736230112103, 50.716247819360866 ], [ 29.57362471907156, 50.716107179920805 ], [ 29.574431373521595, 50.716299633785042 ], [ 29.574852236712914, 50.715515009228028 ] ] ] ] } },
{ "type": "Feature", "properties": { "year": 2025, "month": 8, "ref_class": "clearcut" }, "geometry": { "type": "MultiPolygon", "coordinates": [ [ [ [ 29.382752550697695, 50.718889679493557 ], [ 29.382006058316009, 50.719509993760084 ], [ 29.382087705920249, 50.719709378744867 ], [ 29.382530935771879, 50.719746301797109 ], [ 29.382626674318029, 50.719376239411169 ], [ 29.382962501680041, 50.71911860595263 ], [ 29.382752550697695, 50.718889679493557 ] ] ] ] } },
{ "type": "Feature", "properties": { "year": 2025, "month": 3, "ref_class": "clearcut" }, "geometry": { "type": "MultiPolygon", "coordinates": [ [ [ [ 29.559195393078809, 50.710439509278892 ], [ 29.559581057192993, 50.71005837980757 ], [ 29.559855696789448, 50.70995107095078 ], [ 29.560282264673319, 50.70922210428386 ], [ 29.560404975982376, 50.708722552052961 ], [ 29.560001781681187, 50.708707750424196 ], [ 29.559610274171337, 50.708533830935977 ], [ 29.559177862891804, 50.709040785941376 ], [ 29.558739608216602, 50.70895567708979 ], [ 29.558406534663444, 50.709536634439047 ], [ 29.558868162921321, 50.710343302131896 ], [ 29.559195393078809, 50.710439509278892 ] ] ] ] } },
{ "type": "Feature", "properties": { "year": 2025, "month": 3, "ref_class": "clearcut" }, "geometry": { "type": "MultiPolygon", "coordinates": [ [ [ [ 29.561211364584754, 50.708859466897621 ], [ 29.562257332409576, 50.709532934096536 ], [ 29.561567811720586, 50.71024339450102 ], [ 29.561018532527665, 50.710158287832719 ], [ 29.560673772183172, 50.710047278902749 ], [ 29.560948411779634, 50.709088890876089 ], [ 29.560685458974508, 50.708937175145103 ], [ 29.560942568383961, 50.708755855700623 ], [ 29.561211364584754, 50.708859466897621 ] ] ] ] } },
{ "type": "Feature", "properties": { "year": 2025, "month": 7, "ref_class": "clearcut" }, "geometry": { "type": "MultiPolygon", "coordinates": [ [ [ [ 29.504233010655856, 50.701952478106136 ], [ 29.503287146778653, 50.702026436954576 ], [ 29.50274998951506, 50.702277896166812 ], [ 29.502878440165052, 50.70278081054591 ], [ 29.503380565433194, 50.703054452868692 ], [ 29.503707530724075, 50.703675688970797 ], [ 29.50458333061038, 50.70377183191782 ], [ 29.504233010655856, 50.701952478106136 ] ] ] ] } },
{ "type": "Feature", "properties": { "year": 2025, "month": 6, "ref_class": "clearcut" }, "geometry": { "type": "MultiPolygon", "coordinates": [ [ [ [ 29.540024517799271, 50.70159871542544 ], [ 29.540351625223753, 50.701065972769094 ], [ 29.542384364218769, 50.701517324577971 ], [ 29.542607809473886, 50.701657140664317 ], [ 29.5433540040842, 50.702124052951497 ], [ 29.543045880572752, 50.702293306569899 ], [ 29.540024517799271, 50.70159871542544 ] ] ] ] } },
{ "type": "Feature", "properties": { "year": 2025, "month": 7, "ref_class": "clearcut" }, "geometry": { "type": "MultiPolygon", "coordinates": [ [ [ [ 29.544755893046283, 50.702257236177857 ], [ 29.544814305086366, 50.702064860285013 ], [ 29.542607809473886, 50.701657140664317 ], [ 29.542607809473893, 50.701657140664331 ], [ 29.5433540040842, 50.702124052951497 ], [ 29.543045880572752, 50.702293306569899 ], [ 29.544755893046283, 50.702257236177857 ] ] ] ] } },
{ "type": "Feature", "properties": { "year": 2025, "month": 7, "ref_class": "clearcut" }, "geometry": { "type": "MultiPolygon", "coordinates": [ [ [ [ 29.458285156819677, 50.700319903887404 ], [ 29.459113673204495, 50.700142518926214 ], [ 29.458565218696236, 50.699795138100271 ], [ 29.459195357918489, 50.69906341262282 ], [ 29.459008650000783, 50.699070803846332 ], [ 29.458372676156106, 50.699444059119216 ], [ 29.457421632700292, 50.699521666278152 ], [ 29.45677982423318, 50.699743400310297 ], [ 29.456756485743469, 50.699499492817274 ], [ 29.457001539885461, 50.699141020411659 ], [ 29.45582878077737, 50.699473623766345 ], [ 29.455315334003679, 50.699577099884472 ], [ 29.455058610616831, 50.69977666032468 ], [ 29.455256987779393, 50.699998393151184 ], [ 29.454836894964558, 50.700057521727871 ], [ 29.454031717069455, 50.700190560752802 ], [ 29.454206755742302, 50.700678367281839 ], [ 29.456692304896755, 50.70016838760818 ], [ 29.457929244851545, 50.699902309055091 ], [ 29.458285156819677, 50.700319903887404 ] ] ] ] } },
{ "type": "Feature", "properties": { "year": 2025, "month": 6, "ref_class": "clearcut" }, "geometry": { "type": "MultiPolygon", "coordinates": [ [ [ [ 29.449920832507939, 50.695441979373044 ], [ 29.451227672443416, 50.69801402614717 ], [ 29.451519377786159, 50.69830226397908 ], [ 29.450772612108739, 50.698620062612186 ], [ 29.45056258426197, 50.698597890684404 ], [ 29.450690934612773, 50.698139668496829 ], [ 29.450212537850675, 50.697555798254953 ], [ 29.449865240427723, 50.696956951795002 ], [ 29.449792482157132, 50.696831493423204 ], [ 29.448929034342612, 50.696964529843122 ], [ 29.448913812358235, 50.696829542519701 ], [ 29.448894029701485, 50.69665411094298 ], [ 29.448602324358742, 50.696358471985093 ], [ 29.448656789140447, 50.69625928544508 ], [ 29.448789015778097, 50.696018484879779 ], [ 29.449920832507939, 50.695441979373044 ] ] ] ] } },
{ "type": "Feature", "properties": { "year": 2025, "month": 7, "ref_class": "clearcut" }, "geometry": { "type": "MultiPolygon", "coordinates": [ [ [ [ 29.448403964725681, 50.696240215880159 ], [ 29.448345623657133, 50.696055440119302 ], [ 29.44801891367327, 50.696181087715892 ], [ 29.447902231536169, 50.696631938085758 ], [ 29.448894029701485, 50.69665411094298 ], [ 29.448602324358742, 50.696358471985093 ], [ 29.448656789140447, 50.69625928544508 ], [ 29.448403964725681, 50.696240215880159 ] ] ] ] } },
{ "type": "Feature", "properties": { "year": 2025, "month": 7, "ref_class": "clearcut" }, "geometry": { "type": "MultiPolygon", "coordinates": [ [ [ [ 29.448450637580521, 50.697178865503709 ], [ 29.447890563322456, 50.697674051042839 ], [ 29.447703871903101, 50.697962290964199 ], [ 29.448135595810363, 50.697895774216484 ], [ 29.448672333641003, 50.697681441832188 ], [ 29.448929034342612, 50.697334073474046 ], [ 29.449209071471646, 50.697178865503716 ], [ 29.449865240427723, 50.696956951795002 ], [ 29.449792482157132, 50.696831493423204 ], [ 29.448929034342612, 50.696964529843122 ], [ 29.448913812358235, 50.696829542519701 ], [ 29.448450637580521, 50.697178865503709 ] ] ] ] } },
{ "type": "Feature", "properties": { "year": 2025, "month": 8, "ref_class": "clearcut" }, "geometry": { "type": "MultiPolygon", "coordinates": [ [ [ [ 29.419409802751257, 50.687436858012312 ], [ 29.419543902585442, 50.686461666061959 ], [ 29.420196910473642, 50.686129209627822 ], [ 29.420424297148994, 50.686276968333829 ], [ 29.420820766223979, 50.68624741662984 ], [ 29.420978187768455, 50.686262192484151 ], [ 29.421252217864399, 50.686535544949628 ], [ 29.421887734469877, 50.686605729785171 ], [ 29.421940208318038, 50.686686996305681 ], [ 29.421351335133146, 50.686757180914675 ], [ 29.42070415767251, 50.686794120140398 ], [ 29.42034267116297, 50.686916019378899 ], [ 29.419876236957116, 50.687078551204287 ], [ 29.419707154557493, 50.687303878485373 ], [ 29.419409802751257, 50.687436858012312 ] ] ] ] } },
{ "type": "Feature", "properties": { "year": 2025, "month": 7, "ref_class": "clearcut" }, "geometry": { "type": "MultiPolygon", "coordinates": [ [ [ [ 29.433350918262239, 50.683446033150581 ], [ 29.433969009085981, 50.683401698214787 ], [ 29.434289716588864, 50.683449727726654 ], [ 29.434604593046238, 50.683601205095911 ], [ 29.434901976367094, 50.683590121402538 ], [ 29.435397615235185, 50.683412781952661 ], [ 29.436155651151093, 50.683398003634927 ], [ 29.436709600474256, 50.683494062617058 ], [ 29.437006983795104, 50.683276082335951 ], [ 29.436645458973675, 50.682899232681763 ], [ 29.435508405099821, 50.682145524293929 ], [ 29.434995273095211, 50.682149218972405 ], [ 29.433881543403377, 50.682212028462175 ], [ 29.433753260402227, 50.682319173868315 ], [ 29.433899036539895, 50.68250390675265 ], [ 29.433963178040475, 50.682766226198886 ], [ 29.433549173809485, 50.682851202606429 ], [ 29.433607484264545, 50.68299529268495 ], [ 29.433333425125724, 50.683032238787661 ], [ 29.433479201263399, 50.683183717504619 ], [ 29.433158493760512, 50.683298249868422 ], [ 29.433350918262239, 50.683446033150581 ] ] ] ] } },
{ "type": "Feature", "properties": { "year": 2025, "month": 8, "ref_class": "clearcut" }, "geometry": { "type": "MultiPolygon", "coordinates": [ [ [ [ 29.433374242444273, 50.682171387037215 ], [ 29.431130997784585, 50.681992503758941 ], [ 29.430022207674948, 50.682982915268859 ], [ 29.431936102175872, 50.683541769088087 ], [ 29.433479201263399, 50.683183717504619 ], [ 29.433333425125724, 50.683032238787661 ], [ 29.433607484264545, 50.68299529268495 ], [ 29.433549173809485, 50.682851202606429 ], [ 29.433963178040475, 50.682766226198886 ], [ 29.433899036539895, 50.68250390675265 ], [ 29.433753260402227, 50.682319173868315 ], [ 29.433881543403377, 50.682212028462175 ], [ 29.433374242444273, 50.682171387037215 ] ] ] ] } },
{ "type": "Feature", "properties": { "year": 2025, "month": 8, "ref_class": "clearcut" }, "geometry": { "type": "MultiPolygon", "coordinates": [ [ [ [ 29.238730324822154, 50.67258143231544 ], [ 29.238840818586642, 50.670915531856686 ], [ 29.236503003148403, 50.670893417736202 ], [ 29.236334354771017, 50.672563004536393 ], [ 29.238730324822154, 50.67258143231544 ] ] ] ] } },
{ "type": "Feature", "properties": { "year": 2025, "month": 6, "ref_class": "clearcut" }, "geometry": { "type": "MultiPolygon", "coordinates": [ [ [ [ 29.173254651727394, 50.672517323603827 ], [ 29.17326627363645, 50.672038569648521 ], [ 29.174399409769975, 50.671092095538327 ], [ 29.17455049458778, 50.6709447826766 ], [ 29.17480617658714, 50.671224676718658 ], [ 29.175218754358834, 50.671685025131936 ], [ 29.174753877996359, 50.671942818271532 ], [ 29.174655091769335, 50.672171148155748 ], [ 29.174951450450408, 50.672222706363016 ], [ 29.175096724313679, 50.672281629959102 ], [ 29.175044425722906, 50.672403159642457 ], [ 29.175189699586177, 50.672432621336483 ], [ 29.175044425722906, 50.672697775750741 ], [ 29.174875908041503, 50.672587294926814 ], [ 29.174352922133728, 50.672778794856328 ], [ 29.174376165951852, 50.67287822720391 ], [ 29.174684146541992, 50.673014486004831 ], [ 29.17450050859566, 50.673192348952298 ], [ 29.174376165951852, 50.673312780917989 ], [ 29.174050752498118, 50.67315810971818 ], [ 29.173853180044073, 50.672837717754405 ], [ 29.173254651727394, 50.672517323603827 ] ] ] ] } },
{ "type": "Feature", "properties": { "year": 2025, "month": 7, "ref_class": "clearcut" }, "geometry": { "type": "MultiPolygon", "coordinates": [ [ [ [ 29.174974694268538, 50.673183888286871 ], [ 29.175067669541029, 50.673007120674356 ], [ 29.175393082994763, 50.673062360624783 ], [ 29.175701063584903, 50.672753016065172 ], [ 29.1757766059938, 50.672454717594881 ], [ 29.175799849811924, 50.672038569648507 ], [ 29.175462814449133, 50.671836018428309 ], [ 29.175218754358834, 50.671685025131936 ], [ 29.174753877996359, 50.671942818271532 ], [ 29.174655091769335, 50.672171148155748 ], [ 29.174951450450408, 50.672222706363016 ], [ 29.175096724313679, 50.672281629959102 ], [ 29.175044425722906, 50.672403159642457 ], [ 29.175189699586177, 50.672432621336483 ], [ 29.175044425722906, 50.672697775750741 ], [ 29.174875908041503, 50.672587294926814 ], [ 29.174352922133728, 50.672778794856328 ], [ 29.174376165951852, 50.67287822720391 ], [ 29.174684146541992, 50.673014486004831 ], [ 29.17450050859566, 50.673192348952298 ], [ 29.174974694268538, 50.673183888286871 ] ] ] ] } },
{ "type": "Feature", "properties": { "year": 2025, "month": 8, "ref_class": "clearcut" }, "geometry": { "type": "MultiPolygon", "coordinates": [ [ [ [ 29.072321331700756, 50.671431049373261 ], [ 29.072309725458304, 50.670114369670372 ], [ 29.073516774673799, 50.669798066810358 ], [ 29.07392299315978, 50.669665660329215 ], [ 29.074050661826803, 50.669952540566385 ], [ 29.073736961419289, 50.670220745455133 ], [ 29.074015843099435, 50.670276198216513 ], [ 29.074247967948565, 50.67027619821652 ], [ 29.074468486555244, 50.669775999089438 ], [ 29.074839886313853, 50.669614168819038 ], [ 29.075199679830018, 50.669570033193942 ], [ 29.074805067586485, 50.670342400642788 ], [ 29.075246104799845, 50.670548363149727 ], [ 29.074944342495968, 50.671085332579601 ], [ 29.074770525265645, 50.671108242032467 ], [ 29.074642580192098, 50.670710190199841 ], [ 29.074271180433481, 50.670673411373812 ], [ 29.074027449341887, 50.670938218278167 ], [ 29.074189936736282, 50.671195668003129 ], [ 29.073841749462588, 50.67112211108293 ], [ 29.073609624613454, 50.671379559799398 ], [ 29.072321331700756, 50.671431049373261 ] ] ] ] } },
{ "type": "Feature", "properties": { "year": 2025, "month": 8, "ref_class": "clearcut" }, "geometry": { "type": "MultiPolygon", "coordinates": [ [ [ [ 29.175632833990726, 50.666821151635773 ], [ 29.175807143137678, 50.666489703950717 ], [ 29.17557473094174, 50.666231909689138 ], [ 29.175667695820113, 50.665937285942725 ], [ 29.175714178259305, 50.6655469066311 ], [ 29.175888487406258, 50.665348032903687 ], [ 29.175807143137678, 50.66516388981244 ], [ 29.176829756799815, 50.665134426850805 ], [ 29.177445649119051, 50.665289107193054 ], [ 29.178061541438293, 50.665267010032508 ], [ 29.177910473510934, 50.665561637984794 ], [ 29.178073162048097, 50.665753145162405 ], [ 29.177852455218801, 50.665849738225006 ], [ 29.177898852901137, 50.666062501260846 ], [ 29.177724543754181, 50.666335027563633 ], [ 29.177898852901137, 50.666703303838062 ], [ 29.177922094120735, 50.666865344483661 ], [ 29.175632833990726, 50.666821151635773 ] ] ] ] } },
{ "type": "Feature", "properties": { "year": 2025, "month": 6, "ref_class": "clearcut" }, "geometry": { "type": "MultiPolygon", "coordinates": [ [ [ [ 29.283228043359408, 50.661364316200661 ], [ 29.283119164382423, 50.661383782998342 ], [ 29.2827742888411, 50.661445444273696 ], [ 29.282564068680887, 50.66101605263696 ], [ 29.282460151097649, 50.660803791139521 ], [ 29.282514127609417, 50.660754022012711 ], [ 29.2827161151849, 50.660567778585893 ], [ 29.283030252928352, 50.660619406433362 ], [ 29.283239678090645, 50.6605013998415 ], [ 29.283030252928352, 50.660324389397694 ], [ 29.2833443906718, 50.660235883925594 ], [ 29.283600354759052, 50.66033176484617 ], [ 29.284089013471082, 50.660258010309249 ], [ 29.284321708095863, 50.660464522720709 ], [ 29.283228043359408, 50.661364316200661 ] ] ] ] } },
{ "type": "Feature", "properties": { "year": 2025, "month": 7, "ref_class": "clearcut" }, "geometry": { "type": "MultiPolygon", "coordinates": [ [ [ [ 29.283821414652589, 50.660007244017336 ], [ 29.283460737984189, 50.660029370508703 ], [ 29.283006983465871, 50.659734349766424 ], [ 29.282681210991186, 50.659734349766424 ], [ 29.282297264860308, 50.659631092068778 ], [ 29.281762067223319, 50.660007244017322 ], [ 29.282413612172693, 50.660206382064494 ], [ 29.282514127609417, 50.660754022012711 ], [ 29.2827161151849, 50.660567778585893 ], [ 29.283030252928352, 50.660619406433362 ], [ 29.283239678090645, 50.6605013998415 ], [ 29.283030252928352, 50.660324389397694 ], [ 29.2833443906718, 50.660235883925594 ], [ 29.283600354759052, 50.66033176484617 ], [ 29.284089013471082, 50.660258010309249 ], [ 29.283821414652589, 50.660007244017336 ] ] ] ] } },
{ "type": "Feature", "properties": { "year": 2025, "month": 7, "ref_class": "clearcut" }, "geometry": { "type": "MultiPolygon", "coordinates": [ [ [ [ 29.282378707978978, 50.661283187987479 ], [ 29.282902270884723, 50.661651951463469 ], [ 29.283119164382423, 50.661383782998342 ], [ 29.2827742888411, 50.661445444273696 ], [ 29.282564068680887, 50.66101605263696 ], [ 29.282378707978978, 50.661283187987479 ] ] ] ] } },
{ "type": "Feature", "properties": { "year": 2025, "month": 7, "ref_class": "clearcut" }, "geometry": { "type": "MultiPolygon", "coordinates": [ [ [ [ 29.27749146654579, 50.657655048367474 ], [ 29.277229722924357, 50.65768086016859 ], [ 29.277008694977368, 50.657773045056771 ], [ 29.276840015754665, 50.657913165740261 ], [ 29.276781850505454, 50.658123345981686 ], [ 29.276700419156565, 50.658304026490008 ], [ 29.276473574684651, 50.658252403558564 ], [ 29.276374693761003, 50.658237654139157 ], [ 29.276328161561633, 50.658418334207738 ], [ 29.276188564963533, 50.658602700908148 ], [ 29.275973353541467, 50.658742819116441 ], [ 29.275694160345267, 50.658916122637869 ], [ 29.275461499348435, 50.659011992396273 ], [ 29.275950087441782, 50.659141047531243 ], [ 29.276409592910529, 50.658952995645031 ], [ 29.276781850505454, 50.658702258625439 ], [ 29.277078493276413, 50.658488393639153 ], [ 29.277258805548964, 50.658610075561107 ], [ 29.27749146654579, 50.657655048367474 ] ] ] ] } },
{ "type": "Feature", "properties": { "year": 2025, "month": 7, "ref_class": "clearcut" }, "geometry": { "type": "MultiPolygon", "coordinates": [ [ [ [ 29.159350105934042, 50.659620707848774 ], [ 29.159559202268284, 50.659723803439753 ], [ 29.160023860788812, 50.659804806959599 ], [ 29.160302655901134, 50.659686983611813 ], [ 29.160674382717556, 50.659790079057295 ], [ 29.161092575386043, 50.659922630011778 ], [ 29.161568850369584, 50.659981541427015 ], [ 29.161661782073693, 50.659046313984653 ], [ 29.161534000980541, 50.658832755500072 ], [ 29.159350105934042, 50.659620707848774 ] ] ] ] } },
{ "type": "Feature", "properties": { "year": 2025, "month": 8, "ref_class": "clearcut" }, "geometry": { "type": "MultiPolygon", "coordinates": [ [ [ [ 28.87735067240709, 50.635070704000739 ], [ 28.87758206330923, 50.635488972109947 ], [ 28.877697758760295, 50.636442902996023 ], [ 28.877477937403267, 50.636853821103941 ], [ 28.876563943339843, 50.63683180772496 ], [ 28.875291293378108, 50.636751091913773 ], [ 28.876052278299301, 50.636130159373359 ], [ 28.875881340178548, 50.635540338112357 ], [ 28.87735067240709, 50.635070704000739 ] ] ] ] } },
{ "type": "Feature", "properties": { "year": 2025, "month": 7, "ref_class": "thinning" }, "geometry": { "type": "MultiPolygon", "coordinates": [ [ [ [ 28.857272043411175, 50.632580456053908 ], [ 28.857112501940737, 50.632450347091201 ], [ 28.857102278895045, 50.63244200999975 ], [ 28.85692038834204, 50.632588147489408 ], [ 28.856962829471076, 50.632807352872064 ], [ 28.856592985346637, 50.633211149585385 ], [ 28.85659426958831, 50.633211731422534 ], [ 28.856720308733738, 50.633268834546989 ], [ 28.857041648710705, 50.633314982465308 ], [ 28.857344799632372, 50.633141927538006 ], [ 28.857496375093216, 50.632738130230074 ], [ 28.857272043411175, 50.632580456053908 ] ] ] ] } },
{ "type": "Feature", "properties": { "year": 2025, "month": 7, "ref_class": "thinning" }, "geometry": { "type": "MultiPolygon", "coordinates": [ [ [ [ 28.858951499517225, 50.633688009808573 ], [ 28.856793064954939, 50.633830297809062 ], [ 28.85668728860264, 50.633824307522509 ], [ 28.856453535922668, 50.63381106972605 ], [ 28.856629363457241, 50.633645707887524 ], [ 28.857247791337439, 50.633422660765227 ], [ 28.857338736613947, 50.633264988885081 ], [ 28.857629761498746, 50.633441889007095 ], [ 28.857878345254516, 50.63342650641421 ], [ 28.85827244145268, 50.633007328820746 ], [ 28.85893977155942, 50.63367625390503 ], [ 28.858951499517225, 50.633688009808573 ] ] ] ] } },
{ "type": "Feature", "properties": { "year": 2025, "month": 8, "ref_class": "thinning" }, "geometry": { "type": "MultiPolygon", "coordinates": [ [ [ [ 28.856744560807481, 50.633003483137465 ], [ 28.855859360116209, 50.633068859710754 ], [ 28.855699931339252, 50.633238601899635 ], [ 28.855689595600072, 50.633249606234322 ], [ 28.856016471376158, 50.633329863487212 ], [ 28.856065502742943, 50.633341902063407 ], [ 28.856177687182296, 50.633533134575529 ], [ 28.856259519332809, 50.633672627296228 ], [ 28.856592985346651, 50.633588023388384 ], [ 28.856477787996411, 50.633357284683974 ], [ 28.856505576830799, 50.633318322115692 ], [ 28.856592985346651, 50.633195766916998 ], [ 28.856744560807481, 50.633003483137465 ] ] ] ] } },
{ "type": "Feature", "properties": { "year": 2025, "month": 8, "ref_class": "clearcut" }, "geometry": { "type": "MultiPolygon", "coordinates": [ [ [ [ 28.854968096406498, 50.633718774818135 ], [ 28.854598252282063, 50.633714929193033 ], [ 28.854549748134598, 50.633895673232445 ], [ 28.85653841818074, 50.633834143424728 ], [ 28.85668728860264, 50.633824307522509 ], [ 28.856453535922668, 50.63381106972605 ], [ 28.856629363457241, 50.633645707887524 ], [ 28.857247791337439, 50.633422660765227 ], [ 28.857338736613947, 50.633264988885081 ], [ 28.857629761498746, 50.633441889007095 ], [ 28.857878345254516, 50.63342650641421 ], [ 28.85827244145268, 50.633007328820746 ], [ 28.85893977155942, 50.63367625390503 ], [ 28.858745356890498, 50.63323422357854 ], [ 28.858323977109372, 50.632974640502717 ], [ 28.857729801302906, 50.632974640502717 ], [ 28.857475154528707, 50.632697750308509 ], [ 28.857120467950352, 50.632445855729003 ], [ 28.857112501940737, 50.632450347091201 ], [ 28.857272043411175, 50.632580456053908 ], [ 28.857496375093216, 50.632738130230074 ], [ 28.857344799632372, 50.633141927538006 ], [ 28.857041648710705, 50.633314982465308 ], [ 28.856720308733738, 50.633268834546989 ], [ 28.85659426958831, 50.633211731422534 ], [ 28.856505576830799, 50.633318322115692 ], [ 28.856477787996411, 50.633357284683974 ], [ 28.856592985346651, 50.633588023388384 ], [ 28.856259519332809, 50.633672627296228 ], [ 28.856177687182296, 50.633533134575529 ], [ 28.856054892460687, 50.633340940649489 ], [ 28.856016471376158, 50.633329863487212 ], [ 28.855689595600072, 50.633249606234322 ], [ 28.855699931339252, 50.633238601899635 ], [ 28.855671406544772, 50.63323037791379 ], [ 28.854968096406498, 50.633718774818135 ] ] ] ] } },
{ "type": "Feature", "properties": { "year": 2025, "month": 8, "ref_class": "clearcut" }, "geometry": { "type": "MultiPolygon", "coordinates": [ [ [ [ 29.039025851419265, 50.602073367267067 ], [ 29.036960997478623, 50.603399335095112 ], [ 29.03693670507932, 50.604023760492467 ], [ 29.037373968266753, 50.603954380301921 ], [ 29.038345664238815, 50.604000633773644 ], [ 29.039621015202158, 50.60400834268119 ], [ 29.039730330999017, 50.603800201734522 ], [ 29.038770781226596, 50.603699985394812 ], [ 29.038491418634631, 50.603669149555039 ], [ 29.038284933240565, 50.603175773370623 ], [ 29.039268775412285, 50.602427990229813 ], [ 29.039025851419265, 50.602073367267067 ] ] ] ] } },
{ "type": "Feature", "properties": { "year": 2025, "month": 8, "ref_class": "clearcut" }, "geometry": { "type": "MultiPolygon", "coordinates": [ [ [ [ 29.493722656061788, 50.55150583729241 ], [ 29.491410550377125, 50.551040692300766 ], [ 29.491965699763149, 50.550269316740618 ], [ 29.492892982254094, 50.549997975603347 ], [ 29.493228512102796, 50.550156904173214 ], [ 29.493557941408792, 50.550091007026325 ], [ 29.494619435839219, 50.550404986723663 ], [ 29.493722656061788, 50.55150583729241 ] ] ] ] } },
{ "type": "Feature", "properties": { "year": 2025, "month": 6, "ref_class": "clearcut" }, "geometry": { "type": "MultiPolygon", "coordinates": [ [ [ [ 29.411760990109066, 50.538306770226058 ], [ 29.410548503106845, 50.538500390655159 ], [ 29.410335251624048, 50.540041580927152 ], [ 29.411505088329708, 50.540076431381152 ], [ 29.411760990109066, 50.538306770226058 ] ] ] ] } },
{ "type": "Feature", "properties": { "year": 2025, "month": 8, "ref_class": "clearcut" }, "geometry": { "type": "MultiPolygon", "coordinates": [ [ [ [ 29.274819506771276, 50.484327563991386 ], [ 29.274394231272375, 50.484389414975809 ], [ 29.273993257230558, 50.484169070474323 ], [ 29.274011483323367, 50.483681989509613 ], [ 29.274540040014855, 50.483716781173591 ], [ 29.274591867269315, 50.483830051759142 ], [ 29.275056445977807, 50.483797961623239 ], [ 29.27579156505448, 50.48372837838923 ], [ 29.27579156505448, 50.48372837838923 ], [ 29.276016353532466, 50.483681989509606 ], [ 29.275973825982575, 50.483790230157858 ], [ 29.274819506771276, 50.484327563991386 ] ] ] ] } },
{ "type": "Feature", "properties": { "year": 2025, "month": 7, "ref_class": "clearcut" }, "geometry": { "type": "MultiPolygon", "coordinates": [ [ [ [ 29.329363095876595, 50.469703752220376 ], [ 29.329338784608328, 50.470666985547332 ], [ 29.329636597644544, 50.470806246573382 ], [ 29.330001266668479, 50.471394233049985 ], [ 29.330815694155262, 50.471154397343888 ], [ 29.332013024117181, 50.470748221195691 ], [ 29.331909701227069, 50.469823673904855 ], [ 29.330347702241212, 50.469815937031171 ], [ 29.329363095876595, 50.469703752220376 ] ] ] ] } },
{ "type": "Feature", "properties": { "year": 2025, "month": 3, "ref_class": "clearcut" }, "geometry": { "type": "MultiPolygon", "coordinates": [ [ [ [ 29.151191618591685, 50.471753800556336 ], [ 29.15046385120915, 50.472220851967251 ], [ 29.14950562415547, 50.472977388264326 ], [ 29.149511688883653, 50.47326301616706 ], [ 29.150900511638671, 50.474359193719593 ], [ 29.151895127061479, 50.474108310255112 ], [ 29.15194364488698, 50.473625838311968 ], [ 29.152004292168861, 50.47288089196126 ], [ 29.151191618591685, 50.471753800556336 ] ] ] ] } },
{ "type": "Feature", "properties": { "year": 2025, "month": 8, "ref_class": "clearcut" }, "geometry": { "type": "MultiPolygon", "coordinates": [ [ [ [ 29.333846107234169, 50.467722938403213 ], [ 29.335426409856751, 50.46803243980824 ], [ 29.336082843253827, 50.467939589599446 ], [ 29.336459684648439, 50.468844871357994 ], [ 29.336629871084725, 50.469285899782129 ], [ 29.336885150739139, 50.469386484636082 ], [ 29.337189055089635, 50.469239475931182 ], [ 29.337347085351897, 50.468140764821406 ], [ 29.33784548848671, 50.467978277208601 ], [ 29.33784548848671, 50.467653300307894 ], [ 29.337383553873956, 50.467436647799921 ], [ 29.335693845685189, 50.467312845921107 ], [ 29.335693845685189, 50.467452123011995 ], [ 29.336082843253827, 50.46764556273542 ], [ 29.33537854411605, 50.467669926650586 ], [ 29.335511503074891, 50.467483073420901 ], [ 29.335426409856751, 50.467390222133353 ], [ 29.33511034933224, 50.467583662110009 ], [ 29.334052762192506, 50.467521761403582 ], [ 29.333846107234169, 50.467722938403213 ] ] ] ] } },
{ "type": "Feature", "properties": { "year": 2025, "month": 8, "ref_class": "clearcut" }, "geometry": { "type": "MultiPolygon", "coordinates": [ [ [ [ 29.292023197368945, 50.469043132191992 ], [ 29.292217580926994, 50.469213252619298 ], [ 29.292910072352566, 50.469190054415257 ], [ 29.293566116860998, 50.46799919798611 ], [ 29.293432478164831, 50.467875470922934 ], [ 29.293590414805752, 50.467604816843505 ], [ 29.293432478164831, 50.467527486821979 ], [ 29.292910072352566, 50.467713078661163 ], [ 29.292569901125969, 50.467674413754743 ], [ 29.292533611561954, 50.467765268931579 ], [ 29.292849327490668, 50.467867737970721 ], [ 29.292238787298285, 50.468736399847067 ], [ 29.292023197368945, 50.469043132191992 ] ] ] ] } },
{ "type": "Feature", "properties": { "year": 2025, "month": 7, "ref_class": "clearcut" }, "geometry": { "type": "MultiPolygon", "coordinates": [ [ [ [ 29.283822641013529, 50.469290579883925 ], [ 29.283919832792556, 50.470063845574629 ], [ 29.284393642715315, 50.470056112980323 ], [ 29.284879601610452, 50.469909193448188 ], [ 29.285778625566451, 50.469986519574633 ], [ 29.286167392682561, 50.470110241113922 ], [ 29.288730825854401, 50.469947856527227 ], [ 29.289168188860025, 50.469066330468131 ], [ 29.288636671318468, 50.469164923014695 ], [ 29.288413433951014, 50.46923451762968 ], [ 29.283822641013529, 50.469290579883925 ] ] ] ] } },
{ "type": "Feature", "properties": { "year": 2025, "month": 9, "ref_class": "thinning" }, "geometry": { "type": "MultiPolygon", "coordinates": [ [ [ [ 29.232556606073263, 50.468693055041058 ], [ 29.232247027078351, 50.468519189763498 ], [ 29.232222746372862, 50.467545532394638 ], [ 29.232508044662293, 50.466965964918252 ], [ 29.233503553587116, 50.466919599213277 ], [ 29.233794922052919, 50.467163018657232 ], [ 29.233794922052919, 50.467607352506171 ], [ 29.233570325527197, 50.467700082521958 ], [ 29.233631027290905, 50.467835313468989 ], [ 29.233892044874857, 50.46783917720466 ], [ 29.233879904522109, 50.468476689265067 ], [ 29.233588536056313, 50.468693055041058 ], [ 29.232556606073263, 50.468693055041058 ] ] ] ] } },
{ "type": "Feature", "properties": { "year": 2025, "month": 6, "ref_class": "clearcut" }, "geometry": { "type": "MultiPolygon", "coordinates": [ [ [ [ 29.156526184481386, 50.467175032274618 ], [ 29.156956754091485, 50.467580339775822 ], [ 29.157460096030061, 50.467788782280813 ], [ 29.158224205478973, 50.467495418491851 ], [ 29.158278784725326, 50.467275394455683 ], [ 29.158315170889558, 50.466777441540863 ], [ 29.157872472558044, 50.466792882020101 ], [ 29.157544997079938, 50.466310364660934 ], [ 29.157096234387712, 50.466387567769281 ], [ 29.156702050941849, 50.466383707616856 ], [ 29.156637876361625, 50.46639698357221 ], [ 29.156459476513621, 50.466433889573771 ], [ 29.156499653435301, 50.466495591454098 ], [ 29.156841531238076, 50.467020628503221 ], [ 29.156526184481386, 50.467175032274618 ] ] ] ] } },
{ "type": "Feature", "properties": { "year": 2025, "month": 7, "ref_class": "clearcut" }, "geometry": { "type": "MultiPolygon", "coordinates": [ [ [ [ 29.155956134575053, 50.466117356338685 ], [ 29.155931877132229, 50.465982250044362 ], [ 29.156605021170559, 50.465742917946883 ], [ 29.15653224884209, 50.46560781058276 ], [ 29.155392149029421, 50.465445681236289 ], [ 29.155443221451229, 50.465216229256129 ], [ 29.155301183618835, 50.465044215700281 ], [ 29.154725069351798, 50.465024914386724 ], [ 29.153603162621241, 50.466441609870131 ], [ 29.153869994492293, 50.466491791765606 ], [ 29.154330885905928, 50.466240881755688 ], [ 29.15485848528732, 50.466179119087514 ], [ 29.154670490105449, 50.465978389858854 ], [ 29.154767519876739, 50.465839422970639 ], [ 29.155125317158372, 50.46583170257599 ], [ 29.155173832044017, 50.465978389858854 ], [ 29.155495243161418, 50.466020851882142 ], [ 29.15550130752213, 50.466175258918085 ], [ 29.156499653435301, 50.466495591454098 ], [ 29.156459476513621, 50.466433889573771 ], [ 29.156637876361625, 50.46639698357221 ], [ 29.155956134575053, 50.466117356338685 ] ] ] ] } },
{ "type": "Feature", "properties": { "year": 2025, "month": 7, "ref_class": "clearcut" }, "geometry": { "type": "MultiPolygon", "coordinates": [ [ [ [ 29.336982238173579, 50.462992608429076 ], [ 29.337474502228069, 50.463290496458633 ], [ 29.338550190347139, 50.463035163976748 ], [ 29.338969526393555, 50.46311640627961 ], [ 29.339054609069638, 50.463069982123621 ], [ 29.339005990397588, 50.462938446767559 ], [ 29.339376707771958, 50.462559313400234 ], [ 29.339164001081748, 50.462501282514566 ], [ 29.338756819703342, 50.462729536920698 ], [ 29.338689969029279, 50.462841729360598 ], [ 29.33858347190986, 50.462851138460479 ], [ 29.338501571675089, 50.462764355292592 ], [ 29.336982238173579, 50.462992608429076 ] ] ] ] } },
{ "type": "Feature", "properties": { "year": 2025, "month": 8, "ref_class": "clearcut" }, "geometry": { "type": "MultiPolygon", "coordinates": [ [ [ [ 29.339358475769938, 50.462992608429069 ], [ 29.339638033134218, 50.462710193369695 ], [ 29.339577259794158, 50.462524494877364 ], [ 29.339267315759855, 50.462447120290385 ], [ 29.336945774169543, 50.462892022436897 ], [ 29.336982238173579, 50.462992608429076 ], [ 29.338501571675089, 50.462764355292592 ], [ 29.33858347190986, 50.462851138460479 ], [ 29.338689969029279, 50.462841729360598 ], [ 29.338756819703342, 50.462729536920698 ], [ 29.339164001081748, 50.462501282514566 ], [ 29.339376707771958, 50.462559313400234 ], [ 29.339005990397588, 50.462938446767559 ], [ 29.339054609069638, 50.463069982123621 ], [ 29.339358475769938, 50.462992608429069 ] ] ] ] } },
{ "type": "Feature", "properties": { "year": 2025, "month": 7, "ref_class": "clearcut" }, "geometry": { "type": "MultiPolygon", "coordinates": [ [ [ [ 29.29935178381994, 50.455009228036133 ], [ 29.299455035267751, 50.454173954534681 ], [ 29.299746568767464, 50.45406954431003 ], [ 29.300044175881748, 50.454270630463128 ], [ 29.300196016246172, 50.454637997189529 ], [ 29.300694052641507, 50.454711470192493 ], [ 29.301088837589024, 50.455024695924855 ], [ 29.301380371088733, 50.455071099560676 ], [ 29.301878407484065, 50.45482361297698 ], [ 29.302261045202425, 50.454978292243531 ], [ 29.302395476412432, 50.455054156265618 ], [ 29.302528284243824, 50.455129104041447 ], [ 29.302394664723121, 50.45553513341541 ], [ 29.302084910379683, 50.455581536550525 ], [ 29.299940924433933, 50.455376589026969 ], [ 29.300110985642096, 50.455067232592768 ], [ 29.300056323110898, 50.454986026193581 ], [ 29.299533992257256, 50.455086567429177 ], [ 29.29935178381994, 50.455009228036133 ] ] ] ] } },
{ "type": "Feature", "properties": { "year": 2025, "month": 8, "ref_class": "clearcut" }, "geometry": { "type": "MultiPolygon", "coordinates": [ [ [ [ 29.300694052641507, 50.454711470192493 ], [ 29.301088837589024, 50.455024695924855 ], [ 29.301380371088733, 50.455071099560676 ], [ 29.301878407484065, 50.45482361297698 ], [ 29.300694052641507, 50.454711470192493 ] ] ] ] } },
{ "type": "Feature", "properties": { "year": 2025, "month": 8, "ref_class": "clearcut" }, "geometry": { "type": "MultiPolygon", "coordinates": [ [ [ [ 29.303378590284627, 50.455682076520482 ], [ 29.303645829326026, 50.455453927819413 ], [ 29.302728713524868, 50.454966691316073 ], [ 29.302395476412432, 50.455054156265618 ], [ 29.302528284243824, 50.455129104041447 ], [ 29.302394664723121, 50.45553513341541 ], [ 29.303378590284627, 50.455682076520482 ] ] ] ] } },
{ "type": "Feature", "properties": { "year": 2025, "month": 7, "ref_class": "clearcut" }, "geometry": { "type": "MultiPolygon", "coordinates": [ [ [ [ 29.28442883871293, 50.454434742325695 ], [ 29.284884269092618, 50.454508201012672 ], [ 29.285843709092497, 50.454616455711879 ], [ 29.285892288332995, 50.454747907513607 ], [ 29.285564378459615, 50.454960549360692 ], [ 29.285807274662119, 50.455965752426124 ], [ 29.285722260991243, 50.45619385322523 ], [ 29.285503654408995, 50.456336898927916 ], [ 29.285266830611555, 50.456305970163996 ], [ 29.284951065548306, 50.456313702356866 ], [ 29.284732458966058, 50.456410354661195 ], [ 29.28445312833318, 50.456410354661202 ], [ 29.284198087320551, 50.456201585436432 ], [ 29.28442883871293, 50.454434742325695 ] ] ] ] } },
{ "type": "Feature", "properties": { "year": 2025, "month": 7, "ref_class": "clearcut" }, "geometry": { "type": "MultiPolygon", "coordinates": [ [ [ [ 29.31739408912885, 50.438299074375415 ], [ 29.317661294331504, 50.438693593304798 ], [ 29.318529711240128, 50.439153861233159 ], [ 29.318790843597267, 50.439115183428235 ], [ 29.319288816929483, 50.438852173516572 ], [ 29.319085563930674, 50.438792841261737 ], [ 29.318875863434474, 50.438836702299788 ], [ 29.318717969451086, 50.438705196752949 ], [ 29.31920986993779, 50.438415109695974 ], [ 29.319753075793066, 50.438444870696699 ], [ 29.320339419203545, 50.438476995083967 ], [ 29.320837392535761, 50.438279735127658 ], [ 29.32066128001583, 50.438183038770383 ], [ 29.318713414816951, 50.438271999426341 ], [ 29.318294388476421, 50.438179170911987 ], [ 29.31796645481862, 50.43814436017216 ], [ 29.31739408912885, 50.438299074375415 ] ] ] ] } },
{ "type": "Feature", "properties": { "year": 2025, "month": 8, "ref_class": "clearcut" }, "geometry": { "type": "MultiPolygon", "coordinates": [ [ [ [ 29.318895600182387, 50.439459414780998 ], [ 29.319351063595999, 50.439242820064543 ], [ 29.319569686034534, 50.439254423378046 ], [ 29.3200494408302, 50.438852173516558 ], [ 29.320304500341823, 50.438906322735484 ], [ 29.320681016763746, 50.438620104733815 ], [ 29.320723526682347, 50.438484730751767 ], [ 29.320917857738827, 50.438523409071855 ], [ 29.321913804403259, 50.438217849481752 ], [ 29.321355102615893, 50.438140492310602 ], [ 29.32066128001583, 50.438183038770383 ], [ 29.320837392535761, 50.438279735127658 ], [ 29.320339419203545, 50.438476995083967 ], [ 29.319753075793066, 50.438444870696699 ], [ 29.319678997253799, 50.438712932383446 ], [ 29.319085563930674, 50.438792841261737 ], [ 29.319288816929483, 50.438852173516572 ], [ 29.318790843597267, 50.439115183428235 ], [ 29.318529711240128, 50.439153861233159 ], [ 29.318895600182387, 50.439459414780998 ] ] ] ] } },
{ "type": "Feature", "properties": { "year": 2025, "month": 3, "ref_class": "clearcut" }, "geometry": { "type": "MultiPolygon", "coordinates": [ [ [ [ 29.340450590437278, 50.43345196707196 ], [ 29.338458347138687, 50.433444229222417 ], [ 29.338257908026343, 50.437150514371133 ], [ 29.33852516017615, 50.437138908503137 ], [ 29.340450590437278, 50.43345196707196 ] ] ] ] } },
{ "type": "Feature", "properties": { "year": 2025, "month": 6, "ref_class": "clearcut" }, "geometry": { "type": "MultiPolygon", "coordinates": [ [ [ [ 29.338458347138687, 50.433444229222417 ], [ 29.338591973213603, 50.431985621995572 ], [ 29.337838808064134, 50.431954669631146 ], [ 29.337787467836886, 50.432495759573605 ], [ 29.337705181989229, 50.433362981725864 ], [ 29.338458347138687, 50.433444229222417 ] ] ] ] } },
{ "type": "Feature", "properties": { "year": 2025, "month": 7, "ref_class": "clearcut" }, "geometry": { "type": "MultiPolygon", "coordinates": [ [ [ [ 29.337705181989229, 50.433362981725864 ], [ 29.334789703991287, 50.43330107877776 ], [ 29.334886886591221, 50.432310620600077 ], [ 29.335251321340962, 50.432333834700756 ], [ 29.335596874657771, 50.432478760815115 ], [ 29.337787467836886, 50.432495759573605 ], [ 29.337705181989229, 50.433362981725864 ] ] ] ] } },
{ "type": "Feature", "properties": { "year": 2025, "month": 7, "ref_class": "clearcut" }, "geometry": { "type": "MultiPolygon", "coordinates": [ [ [ [ 29.335846564765543, 50.434214139054475 ], [ 29.33582226911556, 50.434051646564505 ], [ 29.335069103966092, 50.434082597557982 ], [ 29.333854321466955, 50.434260565377748 ], [ 29.333040417192528, 50.434454007901287 ], [ 29.333016121542549, 50.434631974324844 ], [ 29.333392211026645, 50.434576455511163 ], [ 29.333635660617109, 50.43463971198026 ], [ 29.333502034542203, 50.434995642762139 ], [ 29.333271225867367, 50.434995642762139 ], [ 29.333210486742402, 50.434717088464822 ], [ 29.332991825892563, 50.434740301385538 ], [ 29.333040417192528, 50.435274195420398 ], [ 29.333769286692011, 50.435297408067953 ], [ 29.334024391016829, 50.434430794840203 ], [ 29.334737327060932, 50.434346027125947 ], [ 29.335058414930838, 50.434307849900421 ], [ 29.33531033668935, 50.434277896477646 ], [ 29.335846564765543, 50.434214139054475 ] ] ] ] } },
{ "type": "Feature", "properties": { "year": 2025, "month": 8, "ref_class": "clearcut" }, "geometry": { "type": "MultiPolygon", "coordinates": [ [ [ [ 29.33419446056671, 50.43532835824697 ], [ 29.334364530116591, 50.435808083434146 ], [ 29.335263469165952, 50.435800345969689 ], [ 29.33531033668935, 50.434277896477646 ], [ 29.335058414930838, 50.434307849900421 ], [ 29.334024391016829, 50.434430794840203 ], [ 29.333769286692011, 50.435297408067953 ], [ 29.33419446056671, 50.43532835824697 ] ] ] ] } },
{ "type": "Feature", "properties": { "year": 2025, "month": 8, "ref_class": "clearcut" }, "geometry": { "type": "MultiPolygon", "coordinates": [ [ [ [ 29.332736721567745, 50.434778989561437 ], [ 29.332651686792801, 50.4352664578687 ], [ 29.333040417192528, 50.435274195420398 ], [ 29.332991825892563, 50.434740301385538 ], [ 29.333210486742402, 50.434717088464822 ], [ 29.333271225867367, 50.434995642762139 ], [ 29.333502034542203, 50.434995642762139 ], [ 29.333635660617109, 50.43463971198026 ], [ 29.333392211026645, 50.434576455511163 ], [ 29.333016121542549, 50.434631974324844 ], [ 29.332736721567745, 50.434778989561437 ] ] ] ] } },
{ "type": "Feature", "properties": { "year": 2025, "month": 8, "ref_class": "clearcut" }, "geometry": { "type": "MultiPolygon", "coordinates": [ [ [ [ 29.294732229507687, 50.415076453789496 ], [ 29.294368148407102, 50.415088053798215 ], [ 29.293803822701207, 50.415563651710471 ], [ 29.293882706939666, 50.415640984253031 ], [ 29.293846298829607, 50.416054711211387 ], [ 29.293822026756235, 50.416232574026829 ], [ 29.293482217729025, 50.416657895442881 ], [ 29.293639986205942, 50.416750692335256 ], [ 29.294155767765101, 50.416723626593765 ], [ 29.294507712829002, 50.416816423357375 ], [ 29.295065970516553, 50.416808690300684 ], [ 29.29496281420472, 50.416700427374444 ], [ 29.294604801122485, 50.416677228143776 ], [ 29.294325672278703, 50.416619230017389 ], [ 29.294598733104145, 50.416329238320344 ], [ 29.294525916884027, 50.416058577801437 ], [ 29.294738297526035, 50.415853648094163 ], [ 29.295090242589929, 50.415888447540901 ], [ 29.295187330883415, 50.415737649753716 ], [ 29.294780773654434, 50.41562551775462 ], [ 29.294732229507687, 50.415076453789496 ] ] ] ] } },
{ "type": "Feature", "properties": { "year": 2025, "month": 8, "ref_class": "clearcut" }, "geometry": { "type": "MultiPolygon", "coordinates": [ [ [ [ 29.329098185229903, 50.411628470636309 ], [ 29.328557960904718, 50.411148814671996 ], [ 29.328345513136384, 50.411086923226122 ], [ 29.327963107153391, 50.411133341818122 ], [ 29.327356113529579, 50.411257124507749 ], [ 29.327034406908968, 50.411454402500929 ], [ 29.326955497737867, 50.41152789801388 ], [ 29.32691907812044, 50.412007550140508 ], [ 29.327174015442441, 50.412061704107799 ], [ 29.32774458944882, 50.412007550140494 ], [ 29.328662583493198, 50.41175046284453 ], [ 29.328812898226719, 50.41181414260916 ], [ 29.329122464974859, 50.411729043045263 ], [ 29.329098185229903, 50.411628470636309 ] ] ] ] } },
{ "type": "Feature", "properties": { "year": 2025, "month": 3, "ref_class": "clearcut" }, "geometry": { "type": "MultiPolygon", "coordinates": [ [ [ [ 29.511287612258769, 50.825696859348874 ], [ 29.510305419257683, 50.826394841622502 ], [ 29.510391361145278, 50.826836891665089 ], [ 29.511312167083794, 50.826751584088086 ], [ 29.512748624347875, 50.827426285210883 ], [ 29.513534378748741, 50.82690668865763 ], [ 29.512919271782849, 50.826575471579169 ], [ 29.511287612258769, 50.825696859348874 ] ] ] ] } },
{ "type": "Feature", "properties": { "year": 2025, "month": 4, "ref_class": "clearcut" }, "geometry": { "type": "MultiPolygon", "coordinates": [ [ [ [ 29.510256309607634, 50.827418530080955 ], [ 29.511790986171818, 50.827170365243205 ], [ 29.51209792148466, 50.827286692675166 ], [ 29.511680489459195, 50.827496081322217 ], [ 29.511373554146356, 50.828031181375671 ], [ 29.512908230710547, 50.827914855798852 ], [ 29.513779926999014, 50.828294851609996 ], [ 29.513730817348961, 50.828543010470092 ], [ 29.514835784475174, 50.829016059642981 ], [ 29.513669430286392, 50.827759754578842 ], [ 29.514381520212176, 50.826922199086241 ], [ 29.513706262523932, 50.826813625977728 ], [ 29.514737565175064, 50.825983808880103 ], [ 29.514479739512279, 50.825774413450169 ], [ 29.514074584899337, 50.826100139268689 ], [ 29.512919271782849, 50.826575471579169 ], [ 29.513534378748741, 50.82690668865763 ], [ 29.512748624347875, 50.827426285210883 ], [ 29.511312167083794, 50.826751584088086 ], [ 29.510391361145278, 50.826836891665089 ], [ 29.510256309607634, 50.827418530080955 ] ] ] ] } },
{ "type": "Feature", "properties": { "year": 2025, "month": 3, "ref_class": "clearcut" }, "geometry": { "type": "MultiPolygon", "coordinates": [ [ [ [ 29.500426620079704, 50.823100576391525 ], [ 29.500794843188302, 50.823061807587607 ], [ 29.502157268690119, 50.822061561317575 ], [ 29.502181816897362, 50.821751403083148 ], [ 29.500745746773816, 50.820704603831636 ], [ 29.500119767489203, 50.821456750852164 ], [ 29.500174014992307, 50.821747361803524 ], [ 29.499763818484215, 50.821999529835495 ], [ 29.500426620079704, 50.822643102454144 ], [ 29.500426620079704, 50.823100576391525 ] ] ] ] } },
{ "type": "Feature", "properties": { "year": 2025, "month": 4, "ref_class": "clearcut" }, "geometry": { "type": "MultiPolygon", "coordinates": [ [ [ [ 29.500524812908662, 50.820464224394065 ], [ 29.499628803344397, 50.820696849675549 ], [ 29.499444691790096, 50.820999260808904 ], [ 29.498916905334436, 50.821069047715397 ], [ 29.498708245572896, 50.82095273614663 ], [ 29.497996347562935, 50.821309424039413 ], [ 29.499015098163394, 50.821953006169856 ], [ 29.498818712505479, 50.822581071744658 ], [ 29.500119767489203, 50.823038546289808 ], [ 29.500426620079704, 50.823100576391525 ], [ 29.500426620079704, 50.822643102454144 ], [ 29.499763818484215, 50.821999529835495 ], [ 29.500174014992307, 50.821747361803524 ], [ 29.500119767489203, 50.821456750852164 ], [ 29.500745746773816, 50.820704603831636 ], [ 29.500524812908662, 50.820464224394065 ] ] ] ] } },
{ "type": "Feature", "properties": { "year": 2025, "month": 3, "ref_class": "clearcut" }, "geometry": { "type": "MultiPolygon", "coordinates": [ [ [ [ 29.482877739775461, 50.804024126718943 ], [ 29.483116927272892, 50.804031878538204 ], [ 29.483926484956481, 50.803690797273404 ], [ 29.484637914436011, 50.802504745311033 ], [ 29.485018161226787, 50.802210165646471 ], [ 29.48518375257116, 50.801996981836169 ], [ 29.485122422443609, 50.80169464676468 ], [ 29.484834170844152, 50.801593867972798 ], [ 29.484521387193674, 50.801613248526564 ], [ 29.484494680688403, 50.801760977222301 ], [ 29.484196337517684, 50.801907831954352 ], [ 29.484061411237082, 50.801776044860979 ], [ 29.483662765408042, 50.802027990450839 ], [ 29.483926484956481, 50.802058999044952 ], [ 29.483883553867201, 50.802500869274873 ], [ 29.483662765408042, 50.802462108895575 ], [ 29.483239587527983, 50.802694670689 ], [ 29.482969734966783, 50.802803199129805 ], [ 29.48288499671137, 50.803927816395493 ], [ 29.482877739775461, 50.804024126718943 ] ] ] ] } },
{ "type": "Feature", "properties": { "year": 2025, "month": 4, "ref_class": "clearcut" }, "geometry": { "type": "MultiPolygon", "coordinates": [ [ [ [ 29.48288499671137, 50.803927816395493 ], [ 29.481951654849535, 50.803403977009843 ], [ 29.48243002984438, 50.802903975313413 ], [ 29.482969734966783, 50.802803199129805 ], [ 29.48288499671137, 50.803927816395493 ] ] ] ] } },
{ "type": "Feature", "properties": { "year": 2025, "month": 6, "ref_class": "clearcut" }, "geometry": { "type": "MultiPolygon", "coordinates": [ [ [ [ 29.482962037840444, 50.783037537400389 ], [ 29.482557413473291, 50.783440657430098 ], [ 29.48304173657943, 50.783700357916196 ], [ 29.483274702124149, 50.783777880169801 ], [ 29.483611889096782, 50.783754623507214 ], [ 29.483826462624815, 50.78370423403193 ], [ 29.484012646424524, 50.783771499496858 ], [ 29.484556012620132, 50.78396780914791 ], [ 29.484715410098104, 50.784053083132036 ], [ 29.484562143292361, 50.784180993816619 ], [ 29.485126165137483, 50.784200374192842 ], [ 29.485475613454572, 50.783948428675316 ], [ 29.485632016109449, 50.783940454076834 ], [ 29.485855715132804, 50.783929048194643 ], [ 29.485647272276999, 50.783711986262425 ], [ 29.485555312193551, 50.783432905154612 ], [ 29.485328477321062, 50.783463914248863 ], [ 29.484923852953909, 50.783700357916189 ], [ 29.484206564303051, 50.783549189151969 ], [ 29.482962037840444, 50.783037537400389 ] ] ] ] } },
{ "type": "Feature", "properties": { "year": 2025, "month": 7, "ref_class": "clearcut" }, "geometry": { "type": "MultiPolygon", "coordinates": [ [ [ [ 29.484323047075407, 50.783998817887422 ], [ 29.484329177747636, 50.784165489509846 ], [ 29.484445660519999, 50.784305028085662 ], [ 29.485322346648832, 50.78454534354556 ], [ 29.485420437404503, 50.784444566245007 ], [ 29.48531008530437, 50.784312780216531 ], [ 29.485632016109449, 50.783940454076834 ], [ 29.485632016109442, 50.783940454076834 ], [ 29.485475613454572, 50.783948428675316 ], [ 29.485126165137483, 50.784200374192842 ], [ 29.484562143292361, 50.784180993816619 ], [ 29.484715410098104, 50.784053083132036 ], [ 29.484556012620132, 50.78396780914791 ], [ 29.484012646424524, 50.783771499496858 ], [ 29.484323047075407, 50.783998817887422 ] ] ] ] } },
{ "type": "Feature", "properties": { "year": 2025, "month": 7, "ref_class": "clearcut" }, "geometry": { "type": "MultiPolygon", "coordinates": [ [ [ [ 29.486082550005296, 50.783812765141995 ], [ 29.485953805888474, 50.783711986262418 ], [ 29.485555312193551, 50.783432905154612 ], [ 29.485647272276999, 50.783711986262425 ], [ 29.485855715132804, 50.783929048194643 ], [ 29.486082550005296, 50.783812765141995 ] ] ] ] } },
{ "type": "Feature", "properties": { "year": 2025, "month": 6, "ref_class": "clearcut" }, "geometry": { "type": "MultiPolygon", "coordinates": [ [ [ [ 28.934223282047302, 50.783049890442115 ], [ 28.934491212795447, 50.782930476116661 ], [ 28.934564084574632, 50.782897997767108 ], [ 28.934602643554722, 50.782922722074311 ], [ 28.934642839794503, 50.782948496190762 ], [ 28.935315465023677, 50.783379786190842 ], [ 28.935748513030251, 50.783657456207891 ], [ 28.935497101329762, 50.7839294453006 ], [ 28.935145124949084, 50.783749296857664 ], [ 28.934670236181503, 50.784084866928907 ], [ 28.934547323794597, 50.784003623869452 ], [ 28.935083668755631, 50.783558550690977 ], [ 28.934560414587704, 50.783249203713126 ], [ 28.934223282047302, 50.783049890442115 ] ] ] ] } },
{ "type": "Feature", "properties": { "year": 2025, "month": 7, "ref_class": "clearcut" }, "geometry": { "type": "MultiPolygon", "coordinates": [ [ [ [ 28.934078021953688, 50.783604471135561 ], [ 28.933781561505825, 50.783691741064821 ], [ 28.933519329285939, 50.783696311889429 ], [ 28.933340547632262, 50.783512630201308 ], [ 28.933066788225066, 50.783738699868834 ], [ 28.934200934340595, 50.784007156179314 ], [ 28.934022152686911, 50.784710080532548 ], [ 28.934793148568406, 50.784356853535293 ], [ 28.935161885729119, 50.784370982666402 ], [ 28.935821143077057, 50.784282675526825 ], [ 28.936413357304872, 50.783922380668827 ], [ 28.935748513030251, 50.783657456207891 ], [ 28.935497101329762, 50.7839294453006 ], [ 28.935145124949084, 50.783749296857664 ], [ 28.934670236181503, 50.784084866928907 ], [ 28.934547323794597, 50.784003623869452 ], [ 28.935083668755631, 50.783558550690977 ], [ 28.934560414587704, 50.783249203713126 ], [ 28.934078021953688, 50.783604471135561 ] ] ] ] } },
{ "type": "Feature", "properties": { "year": 2025, "month": 8, "ref_class": "clearcut" }, "geometry": { "type": "MultiPolygon", "coordinates": [ [ [ [ 28.934206521267267, 50.782876803401145 ], [ 28.933329373778911, 50.783325415430483 ], [ 28.933340547632262, 50.783512630201308 ], [ 28.933519329285939, 50.783696311889429 ], [ 28.933781561505825, 50.783691741064821 ], [ 28.934078021953688, 50.783604471135561 ], [ 28.934560414587704, 50.783249203713126 ], [ 28.934223282047302, 50.783049890442115 ], [ 28.934491212795447, 50.782930476116661 ], [ 28.934206521267267, 50.782876803401145 ] ] ] ] } },
{ "type": "Feature", "properties": { "year": 2025, "month": 8, "ref_class": "clearcut" }, "geometry": { "type": "MultiPolygon", "coordinates": [ [ [ [ 28.989780639677075, 50.779680888183741 ], [ 28.989606313614122, 50.777490992217373 ], [ 28.990501187403943, 50.777461596943162 ], [ 28.99067551346689, 50.778049498916843 ], [ 28.991175248180692, 50.778005406525189 ], [ 28.991430926406355, 50.778946035197677 ], [ 28.990618475871614, 50.779307811168138 ], [ 28.9917563350572, 50.779262023396832 ], [ 28.991767956794732, 50.779475130511635 ], [ 28.989780639677075, 50.779680888183741 ] ] ] ] } },
{ "type": "Feature", "properties": { "year": 2025, "month": 7, "ref_class": "clearcut" }, "geometry": { "type": "MultiPolygon", "coordinates": [ [ [ [ 29.543834938914724, 50.761903292830333 ], [ 29.545326425213982, 50.762077179855268 ], [ 29.544735679660157, 50.764400544486264 ], [ 29.543402115439644, 50.764315455141677 ], [ 29.543581467081776, 50.763315928161191 ], [ 29.544033803754626, 50.763394260592229 ], [ 29.544332101014472, 50.763460853577449 ], [ 29.544560210683777, 50.763353564832371 ], [ 29.544776622421313, 50.763205579952754 ], [ 29.544887752773025, 50.763061294244487 ], [ 29.544671341035482, 50.762972502818251 ], [ 29.544437382400304, 50.762880011570076 ], [ 29.544174178935734, 50.762761622505643 ], [ 29.543975314095832, 50.762754223179179 ], [ 29.543694563733613, 50.762861513298517 ], [ 29.543834938914724, 50.761903292830333 ] ] ] ] } },
{ "type": "Feature", "properties": { "year": 2025, "month": 8, "ref_class": "thinning" }, "geometry": { "type": "MultiPolygon", "coordinates": [ [ [ [ 29.085022624596199, 50.764347019507134 ], [ 29.085406473483221, 50.763964441657734 ], [ 29.085429737052131, 50.763839367451553 ], [ 29.086104380550541, 50.763729007580196 ], [ 29.086243961964001, 50.763846724767063 ], [ 29.086313752670737, 50.764214589067109 ], [ 29.086383543377465, 50.764450020701304 ], [ 29.085929903783708, 50.764575093275134 ], [ 29.085383209914312, 50.764575093275134 ], [ 29.085022624596199, 50.764347019507134 ] ] ] ] } },
{ "type": "Feature", "properties": { "year": 2025, "month": 4, "ref_class": "thinning" }, "geometry": { "type": "MultiPolygon", "coordinates": [ [ [ [ 29.537441608616412, 50.751986420164592 ], [ 29.53705568484936, 50.75176445085426 ], [ 29.536979669561912, 50.751461091094555 ], [ 29.537131700136811, 50.751253917445965 ], [ 29.537435761286606, 50.751039343771886 ], [ 29.538049730916004, 50.751202123890558 ], [ 29.538184219501485, 50.751383401083793 ], [ 29.53834209740619, 50.751653465804381 ], [ 29.538488280651283, 50.752163994855017 ], [ 29.538055578245803, 50.752167694320562 ], [ 29.537441608616412, 50.751986420164592 ] ] ] ] } },
{ "type": "Feature", "properties": { "year": 2025, "month": 5, "ref_class": "clearcut" }, "geometry": { "type": "MultiPolygon", "coordinates": [ [ [ [ 29.538529211959911, 50.752363765576519 ], [ 29.539149028919105, 50.752582032612402 ], [ 29.539119792270085, 50.752826194531224 ], [ 29.539458937398706, 50.752892783924409 ], [ 29.539739609229287, 50.752903882147386 ], [ 29.539926723783008, 50.752785500966517 ], [ 29.540260021581823, 50.751594273670179 ], [ 29.539318601483419, 50.75152028339717 ], [ 29.538464891332069, 50.751483288216811 ], [ 29.53834209740619, 50.751653465804381 ], [ 29.538488280651283, 50.752163994855017 ], [ 29.538529211959911, 50.752363765576519 ] ] ] ] } },
{ "type": "Feature", "properties": { "year": 2025, "month": 9, "ref_class": "thinning" }, "geometry": { "type": "MultiPolygon", "coordinates": [ [ [ [ 29.532386292672399, 50.746124867347561 ], [ 29.527773251979287, 50.745647914423195 ], [ 29.527516971940784, 50.746592276499491 ], [ 29.528798372133313, 50.747078758620098 ], [ 29.528572242687574, 50.747994475957441 ], [ 29.528044607314179, 50.747975398695587 ], [ 29.527215466013129, 50.747441232207841 ], [ 29.526868734196327, 50.748538174651962 ], [ 29.526627529454199, 50.75037907246859 ], [ 29.534496834165978, 50.751027661707077 ], [ 29.534542060055124, 50.749740012517918 ], [ 29.533170208084297, 50.749635091393777 ], [ 29.531692829038789, 50.747212301847348 ], [ 29.532386292672399, 50.746124867347561 ] ] ] ] } },
{ "type": "Feature", "properties": { "year": 2025, "month": 3, "ref_class": "clearcut" }, "geometry": { "type": "MultiPolygon", "coordinates": [ [ [ [ 29.514146556744123, 50.742920130566986 ], [ 29.513772508703667, 50.746337332938062 ], [ 29.514812829816197, 50.746270766442585 ], [ 29.515233633861712, 50.744147985233752 ], [ 29.515023231838956, 50.743452697990996 ], [ 29.51482225109282, 50.743330605633481 ], [ 29.51504660984148, 50.743031082613157 ], [ 29.514882963823776, 50.74284616239013 ], [ 29.514146556744123, 50.742920130566986 ] ] ] ] } },
{ "type": "Feature", "properties": { "year": 2025, "month": 4, "ref_class": "clearcut" }, "geometry": { "type": "MultiPolygon", "coordinates": [ [ [ [ 29.401204952479489, 50.736049366532939 ], [ 29.399967818452339, 50.736078912732388 ], [ 29.399816094467877, 50.739085141094385 ], [ 29.400971530964934, 50.739026052469839 ], [ 29.401204952479489, 50.736049366532939 ] ] ] ] } },
{ "type": "Feature", "properties": { "year": 2025, "month": 3, "ref_class": "clearcut" }, "geometry": { "type": "MultiPolygon", "coordinates": [ [ [ [ 29.554503106426857, 50.732354791574195 ], [ 29.555286427959857, 50.732280791740102 ], [ 29.555403341621506, 50.731803490001589 ], [ 29.555871235733218, 50.731721898346557 ], [ 29.556192508837587, 50.731821990159567 ], [ 29.556256811351489, 50.732388091461374 ], [ 29.556578323921009, 50.73239549143311 ], [ 29.55682968829354, 50.731303982974126 ], [ 29.556858916708954, 50.730630565069298 ], [ 29.555724854191016, 50.730826671282436 ], [ 29.554514797793015, 50.731056077508725 ], [ 29.554167107166343, 50.731190977879237 ], [ 29.554209543529598, 50.731367809168901 ], [ 29.554300487320333, 50.73143112899816 ], [ 29.554501827683708, 50.731571312397598 ], [ 29.55454274746528, 50.731867315515736 ], [ 29.554503106426857, 50.732354791574195 ] ] ] ] } },
{ "type": "Feature", "properties": { "year": 2025, "month": 3, "ref_class": "clearcut" }, "geometry": { "type": "MultiPolygon", "coordinates": [ [ [ [ 29.561766890126492, 50.725430581689359 ], [ 29.56075561650254, 50.725245559945925 ], [ 29.560627015232438, 50.725415779976778 ], [ 29.560399040253628, 50.725319568730981 ], [ 29.560229520397588, 50.725271463033998 ], [ 29.559750188390861, 50.72531216785773 ], [ 29.558896743598385, 50.726237267953373 ], [ 29.559393612141942, 50.726636905544879 ], [ 29.55962704271948, 50.726518255472037 ], [ 29.559796952489076, 50.726636905544886 ], [ 29.559533904436599, 50.726766416995936 ], [ 29.559703424292639, 50.727036539727514 ], [ 29.560013236443332, 50.727154949201086 ], [ 29.560416576790459, 50.72632237624466 ], [ 29.560726388941148, 50.726007844832914 ], [ 29.561100501726887, 50.725922735970293 ], [ 29.561346013242535, 50.725959739842608 ], [ 29.561766890126492, 50.725430581689359 ] ] ] ] } },
{ "type": "Feature", "properties": { "year": 2025, "month": 3, "ref_class": "clearcut" }, "geometry": { "type": "MultiPolygon", "coordinates": [ [ [ [ 29.493206182216678, 50.718900240604199 ], [ 29.493206182216678, 50.717450843964222 ], [ 29.49328794066664, 50.7172142035215 ], [ 29.493871929594984, 50.717162438265376 ], [ 29.494689514094663, 50.717288153788196 ], [ 29.495390300808669, 50.717436053971554 ], [ 29.495542137930045, 50.717835382135284 ], [ 29.495705654829976, 50.718833687658737 ], [ 29.495740694165679, 50.719203425048647 ], [ 29.49532022213727, 50.71946963416314 ], [ 29.493206182216678, 50.718900240604199 ] ] ] ] } },
{ "type": "Feature", "properties": { "year": 2025, "month": 3, "ref_class": "clearcut" }, "geometry": { "type": "MultiPolygon", "coordinates": [ [ [ [ 29.553554119906831, 50.716244864623931 ], [ 29.553261935142984, 50.716193064559832 ], [ 29.552923000816925, 50.715971063636644 ], [ 29.553869679451783, 50.714328224123378 ], [ 29.554196926387288, 50.714187618066603 ], [ 29.554839732867748, 50.714320823815122 ], [ 29.553787867717904, 50.716215264594311 ], [ 29.553554119906831, 50.716244864623931 ] ] ] ] } },
{ "type": "Feature", "properties": { "year": 2025, "month": 3, "ref_class": "clearcut" }, "geometry": { "type": "MultiPolygon", "coordinates": [ [ [ [ 29.549708968414638, 50.71418021773615 ], [ 29.550129714474576, 50.714661236785894 ], [ 29.549428471041349, 50.714890644132595 ], [ 29.549264847573593, 50.714676037293742 ], [ 29.549019412371962, 50.715171851606499 ], [ 29.546284562982379, 50.715904463154629 ], [ 29.54607418995241, 50.715430856997742 ], [ 29.546565060355668, 50.715016447684732 ], [ 29.549708968414638, 50.71418021773615 ] ] ] ] } },
{ "type": "Feature", "properties": { "year": 2025, "month": 8, "ref_class": "clearcut" }, "geometry": { "type": "MultiPolygon", "coordinates": [ [ [ [ 29.283781873644077, 50.676403737989538 ], [ 29.284264874324847, 50.676436927082129 ], [ 29.284253235754221, 50.67590589878445 ], [ 29.284416175742919, 50.675673572014972 ], [ 29.284456910740094, 50.6749323313012 ], [ 29.28427651289547, 50.674913892328256 ], [ 29.284532561449129, 50.674604116499786 ], [ 29.284707140008447, 50.674404973816202 ], [ 29.284718778579062, 50.674272211557749 ], [ 29.284224139327673, 50.674320153527724 ], [ 29.283927355776839, 50.674386534636092 ], [ 29.283822608641252, 50.674519296571177 ], [ 29.28361311437007, 50.67458936521885 ], [ 29.283502547949169, 50.674578301755133 ], [ 29.283450174381379, 50.674434476489303 ], [ 29.283182487257093, 50.674482418293536 ], [ 29.282757679429427, 50.674759004669575 ], [ 29.282391064454863, 50.674902828941022 ], [ 29.282152473757133, 50.675124096190387 ], [ 29.282236988903001, 50.675190470634128 ], [ 29.283333788675169, 50.675234729423941 ], [ 29.283589837228831, 50.675326923586034 ], [ 29.283787692929387, 50.67540805429887 ], [ 29.283786679317984, 50.675581485421212 ], [ 29.283595656514141, 50.675669884279216 ], [ 29.283630727215954, 50.675808093518945 ], [ 29.283828427926561, 50.675913274218615 ], [ 29.28372950007628, 50.676127161305295 ], [ 29.283781873644077, 50.676403737989538 ] ] ] ] } },
{ "type": "Feature", "properties": { "year": 2025, "month": 5, "ref_class": "clearcut" }, "geometry": { "type": "MultiPolygon", "coordinates": [ [ [ [ 29.472519987034133, 50.562906406464442 ], [ 29.472170850633297, 50.562906406464457 ], [ 29.471844989992523, 50.562810300770934 ], [ 29.471507491471716, 50.562706802112572 ], [ 29.471263095991144, 50.562618088795894 ], [ 29.471204906591009, 50.562899013725755 ], [ 29.471344561151337, 50.563216900442526 ], [ 29.471519129351755, 50.563497821802756 ], [ 29.471652964972062, 50.563653067099175 ], [ 29.471664602852094, 50.563863756326299 ], [ 29.471530767231783, 50.564163155186492 ], [ 29.471367836911391, 50.564325790807075 ], [ 29.471321285391287, 50.564536477026458 ], [ 29.471775162712362, 50.564732377402834 ], [ 29.472310505193636, 50.564274043170506 ], [ 29.47267127947449, 50.563845274852824 ], [ 29.472962226475182, 50.563712208029962 ], [ 29.472957069999108, 50.563653249071379 ], [ 29.472927312835097, 50.563313005306853 ], [ 29.47279929615479, 50.56300251196199 ], [ 29.472519987034133, 50.562906406464442 ] ] ] ] } },
{ "type": "Feature", "properties": { "year": 2025, "month": 6, "ref_class": "clearcut" }, "geometry": { "type": "MultiPolygon", "coordinates": [ [ [ [ 29.471204906591009, 50.562899013725755 ], [ 29.470887774360246, 50.56276594423089 ], [ 29.470847041780157, 50.562547857301766 ], [ 29.471263095991144, 50.562618088795894 ], [ 29.471204906591009, 50.562899013725755 ] ] ] ] } },
{ "type": "Feature", "properties": { "year": 2025, "month": 6, "ref_class": "clearcut" }, "geometry": { "type": "MultiPolygon", "coordinates": [ [ [ [ 29.472374513533779, 50.564944909908981 ], [ 29.473357914396114, 50.565273871376213 ], [ 29.4742773069183, 50.564771187758097 ], [ 29.472957069999108, 50.563653249071379 ], [ 29.472962226475182, 50.563712208029962 ], [ 29.47267127947449, 50.563845274852824 ], [ 29.472310505193636, 50.564274043170506 ], [ 29.471775162712362, 50.564732377402834 ], [ 29.471850808932537, 50.564760099088417 ], [ 29.472374513533779, 50.564944909908981 ] ] ] ] } },
{ "type": "Feature", "properties": { "year": 2025, "month": 7, "ref_class": "clearcut" }, "geometry": { "type": "MultiPolygon", "coordinates": [ [ [ [ 29.463762482313321, 50.560853028718483 ], [ 29.463762482313321, 50.561015675762981 ], [ 29.466415918959626, 50.561533185351976 ], [ 29.466753417480426, 50.561111785116324 ], [ 29.466555573519958, 50.560853028718483 ], [ 29.464402565714842, 50.560232007567265 ], [ 29.463762482313321, 50.560853028718483 ] ] ] ] } },
{ "type": "Feature", "properties": { "year": 2025, "month": 8, "ref_class": "clearcut" }, "geometry": { "type": "MultiPolygon", "coordinates": [ [ [ [ 29.28063779006677, 50.478291506340923 ], [ 29.280626201302482, 50.478619681491551 ], [ 29.281107135020402, 50.478638118230158 ], [ 29.281304144013284, 50.478483249402274 ], [ 29.281414237274014, 50.478512748265764 ], [ 29.28167498447047, 50.478446375797041 ], [ 29.281860404699071, 50.478298881088428 ], [ 29.28219068448125, 50.47818457237269 ], [ 29.282439842913423, 50.478103449890611 ], [ 29.282544141792009, 50.478014952478624 ], [ 29.282549936174153, 50.477306967217935 ], [ 29.282441058167937, 50.477363027635676 ], [ 29.282387693474139, 50.476912408330541 ], [ 29.282013955825871, 50.476936376955024 ], [ 29.281793769304414, 50.476980626691422 ], [ 29.281341807497213, 50.477021188913369 ], [ 29.281202742325767, 50.477069126039886 ], [ 29.281249097382918, 50.477153937760058 ], [ 29.281654704132968, 50.477474745933755 ], [ 29.281816946832983, 50.477640680341679 ], [ 29.281741619865119, 50.477858237905096 ], [ 29.28130124682221, 50.478142167456241 ], [ 29.28063779006677, 50.478291506340923 ] ] ] ] } },
{ "type": "Feature", "properties": { "year": 2025, "month": 5, "ref_class": "clearcut" }, "geometry": { "type": "MultiPolygon", "coordinates": [ [ [ [ 29.287529213157782, 50.472617921174063 ], [ 29.2903973995267, 50.472687988836938 ], [ 29.290530668792332, 50.472256517895225 ], [ 29.290408988158493, 50.472153259308136 ], [ 29.290084506468276, 50.472123756813268 ], [ 29.289244330663237, 50.472153259308151 ], [ 29.287494447262397, 50.472075815219831 ], [ 29.287193142835765, 50.47224914228935 ], [ 29.287529213157782, 50.472617921174063 ] ] ] ] } },
{ "type": "Feature", "properties": { "year": 2025, "month": 3, "ref_class": "clearcut" }, "geometry": { "type": "MultiPolygon", "coordinates": [ [ [ [ 29.340977496128691, 50.469883812413606 ], [ 29.340832557755512, 50.469909642662699 ], [ 29.340571668683786, 50.470319234726347 ], [ 29.340310779612061, 50.470570154237897 ], [ 29.339812191608313, 50.470739893152391 ], [ 29.339435351838041, 50.470765722933791 ], [ 29.339157070161537, 50.470562774271279 ], [ 29.338907776159662, 50.470333994734482 ], [ 29.33892516876444, 50.470031413646844 ], [ 29.338901978624737, 50.469839531953795 ], [ 29.338786027926197, 50.469813701666425 ], [ 29.33862949448315, 50.470094144031435 ], [ 29.33828743992245, 50.470444694648585 ], [ 29.338188881828682, 50.470832142306854 ], [ 29.338177286758828, 50.471105198749186 ], [ 29.338130906479417, 50.471415152799707 ], [ 29.33883820574054, 50.471762003732678 ], [ 29.339458541977752, 50.471769383512111 ], [ 29.339997712725989, 50.47169927556093 ], [ 29.339852774352806, 50.471566439157819 ], [ 29.340052197070236, 50.471268099521531 ], [ 29.34022144669359, 50.471014897849017 ], [ 29.340542681009154, 50.470994500381543 ], [ 29.341012281338255, 50.471060919433221 ], [ 29.340977496128691, 50.469883812413606 ] ] ] ] } },
{ "type": "Feature", "properties": { "year": 2025, "month": 5, "ref_class": "clearcut" }, "geometry": { "type": "MultiPolygon", "coordinates": [ [ [ [ 29.319076711182731, 50.467839293611078 ], [ 29.319015856298339, 50.468034811811876 ], [ 29.318947116784177, 50.468096515132885 ], [ 29.318902840084469, 50.468136259616358 ], [ 29.318691296914903, 50.468206350699596 ], [ 29.318494243003531, 50.46830779813606 ], [ 29.31812042014225, 50.468309642632889 ], [ 29.318085645922597, 50.468206350699596 ], [ 29.318346452570001, 50.467992388120017 ], [ 29.318746356096021, 50.467804247810406 ], [ 29.319039039111441, 50.467748912282758 ], [ 29.319076711182731, 50.467839293611078 ] ] ] ] } },
{ "type": "Feature", "properties": { "year": 2025, "month": 6, "ref_class": "clearcut" }, "geometry": { "type": "MultiPolygon", "coordinates": [ [ [ [ 29.319334619978502, 50.468383422447104 ], [ 29.319473716857122, 50.468018211241329 ], [ 29.319485308263673, 50.467793180710053 ], [ 29.319311437165403, 50.467782113607107 ], [ 29.319502695373497, 50.467560771004401 ], [ 29.319224501616265, 50.467328360156451 ], [ 29.318830393793522, 50.46747961179048 ], [ 29.318447877377324, 50.467538636687152 ], [ 29.318169683620091, 50.467531258579086 ], [ 29.318146500806989, 50.467424275882934 ], [ 29.317990016818548, 50.467582905311303 ], [ 29.317648070325284, 50.467579216260873 ], [ 29.317155435546848, 50.467778424572231 ], [ 29.316865650383068, 50.467988699101525 ], [ 29.316593252329106, 50.468003455173729 ], [ 29.316587456625836, 50.468224795704238 ], [ 29.316784510537207, 50.468383422447097 ], [ 29.318169683620091, 50.468383422447097 ], [ 29.318778232464044, 50.468486713993556 ], [ 29.318905737936106, 50.468353910535228 ], [ 29.318691296914903, 50.468206350699596 ], [ 29.318494243003531, 50.46830779813606 ], [ 29.31812042014225, 50.468309642632889 ], [ 29.318085645922597, 50.468206350699596 ], [ 29.318346452570001, 50.467992388120017 ], [ 29.318746356096021, 50.467804247810406 ], [ 29.319039039111441, 50.467748912282758 ], [ 29.319076711182731, 50.467839293611078 ], [ 29.319015856298339, 50.468034811811876 ], [ 29.318947116784177, 50.468096515132885 ], [ 29.319236093022816, 50.46838342244709 ], [ 29.319334619978502, 50.468383422447104 ] ] ] ] } },
{ "type": "Feature", "properties": { "year": 2025, "month": 4, "ref_class": "clearcut" }, "geometry": { "type": "MultiPolygon", "coordinates": [ [ [ [ 29.354429981005012, 50.436265302147881 ], [ 29.355021013487892, 50.436427692049854 ], [ 29.355281763112696, 50.436383403950018 ], [ 29.355362885218188, 50.436080767492122 ], [ 29.355351296345976, 50.435674788717364 ], [ 29.355032602360112, 50.435412746022948 ], [ 29.354899330329655, 50.435176537280697 ], [ 29.354760263863088, 50.435017833870056 ], [ 29.354429981005012, 50.435014143086732 ], [ 29.35414605363578, 50.435032597000465 ], [ 29.354285120102347, 50.435261424933124 ], [ 29.354157642508, 50.435505014742773 ], [ 29.353960631680369, 50.435600974020616 ], [ 29.353647732130611, 50.435623118441725 ], [ 29.353358010325273, 50.435778129099447 ], [ 29.353363804761383, 50.435984809186863 ], [ 29.353352215889167, 50.436914858413452 ], [ 29.353560815589013, 50.436900095870037 ], [ 29.353608651985326, 50.436784751366474 ], [ 29.353641937694505, 50.436704491735149 ], [ 29.353740443108318, 50.436239467339362 ], [ 29.35385633183045, 50.435977427770702 ], [ 29.354169231380208, 50.435767056926444 ], [ 29.354372036643944, 50.435704314563836 ], [ 29.354603814088211, 50.436054932582913 ], [ 29.354429981005012, 50.436265302147881 ] ] ] ] } },
{ "type": "Feature", "properties": { "year": 2025, "month": 5, "ref_class": "clearcut" }, "geometry": { "type": "MultiPolygon", "coordinates": [ [ [ [ 29.353288477091997, 50.437117842918568 ], [ 29.353172588369862, 50.437202727089897 ], [ 29.353398571378019, 50.437287611108992 ], [ 29.3535550211529, 50.437261776858406 ], [ 29.353723059799997, 50.437147367864981 ], [ 29.353723059799997, 50.437010814833457 ], [ 29.353705676491678, 50.436874261407993 ], [ 29.353608651985326, 50.436784751366474 ], [ 29.353560815589013, 50.436900095870037 ], [ 29.353352215889167, 50.436914858413452 ], [ 29.353288477091997, 50.437117842918568 ] ] ] ] } },
{ "type": "Feature", "properties": { "year": 2025, "month": 5, "ref_class": "clearcut" }, "geometry": { "type": "MultiPolygon", "coordinates": [ [ [ [ 29.354308297846774, 50.436287446258213 ], [ 29.354250353485707, 50.436383403950018 ], [ 29.35414605363578, 50.436531030788359 ], [ 29.354198203560745, 50.436708182386674 ], [ 29.354290914538446, 50.436807829869373 ], [ 29.35451689754661, 50.436885333322024 ], [ 29.354829797096375, 50.436981289801857 ], [ 29.354980452435147, 50.436885333322017 ], [ 29.354905124765761, 50.436778304711183 ], [ 29.354934096946295, 50.43664913192756 ], [ 29.355096341157278, 50.436615916011931 ], [ 29.355333913037654, 50.4366011533753 ], [ 29.355281763112696, 50.436383403950018 ], [ 29.355021013487892, 50.436427692049854 ], [ 29.354429981005012, 50.436265302147881 ], [ 29.354308297846774, 50.436287446258213 ] ] ] ] } },
{ "type": "Feature", "properties": { "year": 2025, "month": 8, "ref_class": "clearcut" }, "geometry": { "type": "MultiPolygon", "coordinates": [ [ [ [ 28.859437465329297, 50.79238490734992 ], [ 28.859257572099462, 50.792685704389818 ], [ 28.858973224736157, 50.79253530611183 ], [ 28.858433545046637, 50.792784746893972 ], [ 28.858596029254233, 50.792931476143998 ], [ 28.858607635269063, 50.793114887058792 ], [ 28.858271060839044, 50.793349651979554 ], [ 28.858207227757486, 50.793540397609412 ], [ 28.858410333016984, 50.793661447316921 ], [ 28.858990633758399, 50.793712801643565 ], [ 28.859420056307052, 50.793566074846304 ], [ 28.859681191640693, 50.793371661130422 ], [ 28.859895902915021, 50.793485374911455 ], [ 28.860505218693515, 50.793338647400212 ], [ 28.860772157034567, 50.793169910192908 ], [ 28.860795369064224, 50.792898462102912 ], [ 28.860679308915941, 50.792715050338863 ], [ 28.86014921663536, 50.792574126073056 ], [ 28.860069993137447, 50.792671031408389 ], [ 28.860116417196767, 50.792828765717346 ], [ 28.859959735996576, 50.793012177035173 ], [ 28.85975082772967, 50.792993835935782 ], [ 28.859605752544315, 50.793041522779248 ], [ 28.859414253299647, 50.792979163051086 ], [ 28.859605752544315, 50.79281409278083 ], [ 28.859611555551723, 50.792377570812562 ], [ 28.859437465329297, 50.79238490734992 ] ] ] ] } },
{ "type": "Feature", "properties": { "year": 2025, "month": 3, "ref_class": "clearcut" }, "geometry": { "type": "MultiPolygon", "coordinates": [ [ [ [ 29.44334900225379, 50.686846625960918 ], [ 29.443500636163133, 50.686418008673961 ], [ 29.443372330547536, 50.686004167578069 ], [ 29.443185704197578, 50.68539078923942 ], [ 29.443069062728856, 50.685132133319513 ], [ 29.443430651281897, 50.684999109719762 ], [ 29.443873888863049, 50.685353838481021 ], [ 29.444142164241114, 50.685509031470751 ], [ 29.444865341347199, 50.685501641340018 ], [ 29.445215265753376, 50.685457300531205 ], [ 29.445355235515841, 50.685878536523134 ], [ 29.446393344587484, 50.685893316664718 ], [ 29.446568306790571, 50.685996777525318 ], [ 29.446241710678148, 50.686248038665596 ], [ 29.446614963378064, 50.68648451850963 ], [ 29.44334900225379, 50.686846625960918 ] ] ] ] } },
{ "type": "Feature", "properties": { "year": 2025, "month": 8, "ref_class": "clearcut" }, "geometry": { "type": "MultiPolygon", "coordinates": [ [ [ [ 29.260718753973528, 50.425124780184291 ], [ 29.261204814316272, 50.425165331177688 ], [ 29.261557786708025, 50.425169017629912 ], [ 29.261789244014089, 50.425224314378845 ], [ 29.261957050560994, 50.425253805951876 ], [ 29.262032274185465, 50.42532016192407 ], [ 29.262367887279265, 50.425345966999252 ], [ 29.262246372193573, 50.425209568585451 ], [ 29.262460470201692, 50.425098974988572 ], [ 29.262506761662902, 50.424929397638394 ], [ 29.26251833452821, 50.424874100545097 ], [ 29.262367887279265, 50.424734014286415 ], [ 29.262472043066989, 50.424593927613344 ], [ 29.262350527981305, 50.424546003130068 ], [ 29.262199291307262, 50.424599645853625 ], [ 29.262061206348719, 50.424527570623574 ], [ 29.261800816879393, 50.424509138109926 ], [ 29.261570746391357, 50.424640037890931 ], [ 29.261280037940743, 50.424627106073366 ], [ 29.260724540406176, 50.42460498710259 ], [ 29.260718753973528, 50.425124780184291 ] ] ] ] } },
{ "type": "Feature", "properties": { "year": 2025, "month": 3, "ref_class": "clearcut" }, "geometry": { "type": "MultiPolygon", "coordinates": [ [ [ [ 29.40037410749331, 50.745120114091264 ], [ 29.401121215630631, 50.746036055492837 ], [ 29.401772016859624, 50.746226258819298 ], [ 29.402367368656552, 50.746575270680367 ], [ 29.403806135499114, 50.747027689591008 ], [ 29.404243894173323, 50.746052675231788 ], [ 29.402306082442152, 50.745960343274078 ], [ 29.401716567427552, 50.746015742470568 ], [ 29.401395544399797, 50.745945570143959 ], [ 29.401646526039677, 50.745393421062538 ], [ 29.40037410749331, 50.745120114091264 ] ] ] ] } },
{ "type": "Feature", "properties": { "year": 2025, "month": 4, "ref_class": "clearcut" }, "geometry": { "type": "MultiPolygon", "coordinates": [ [ [ [ 29.392290593289385, 50.726866448483925 ], [ 29.394238981477326, 50.726667041793441 ], [ 29.394180646501635, 50.725994961141502 ], [ 29.394087310540538, 50.725832478657651 ], [ 29.393655631720456, 50.725891563262429 ], [ 29.392967279007351, 50.725987575586274 ], [ 29.392663937133783, 50.726031888900152 ], [ 29.392508568927678, 50.726379195281702 ], [ 29.392290593289385, 50.726866448483925 ] ] ] ] } },
{ "type": "Feature", "properties": { "year": 2025, "month": 6, "ref_class": "clearcut" }, "geometry": { "type": "MultiPolygon", "coordinates": [ [ [ [ 29.500982967714371, 50.723687695121839 ], [ 29.501497951843309, 50.7240137102944 ], [ 29.504072872496984, 50.72189457109139 ], [ 29.503858295778837, 50.721622879649175 ], [ 29.500982967714371, 50.723687695121839 ] ] ] ] } },
{ "type": "Feature", "properties": { "year": 2025, "month": 8, "ref_class": "thinning" }, "geometry": { "type": "MultiPolygon", "coordinates": [ [ [ [ 29.49870845447149, 50.724502728808702 ], [ 29.497935978273588, 50.724095213739439 ], [ 29.49497481952546, 50.724068045936413 ], [ 29.494674412114673, 50.724991742220574 ], [ 29.49553271899623, 50.725426416522936 ], [ 29.49553271899623, 50.726132753665148 ], [ 29.497120586733864, 50.726974910957928 ], [ 29.49870845447149, 50.724502728808702 ] ] ] ] } },
{ "type": "Feature", "properties": { "year": 2025, "month": 8, "ref_class": "thinning" }, "geometry": { "type": "MultiPolygon", "coordinates": [ [ [ [ 29.521337544436324, 50.732219388702482 ], [ 29.520307576178443, 50.731839104048831 ], [ 29.518848454466312, 50.73243669282261 ], [ 29.516788517950562, 50.732491018699925 ], [ 29.515930211060017, 50.733034273978667 ], [ 29.517990147584747, 50.733468873666958 ], [ 29.517732655515783, 50.734664002013773 ], [ 29.516788517950562, 50.735478844763712 ], [ 29.515844380376343, 50.735750455869592 ], [ 29.515329396238432, 50.737054167222972 ], [ 29.517046010010535, 50.737868968398885 ], [ 29.521509205812634, 50.737380089392943 ], [ 29.518247639653708, 50.736293673338238 ], [ 29.519277607911583, 50.733957793492344 ], [ 29.521337544436324, 50.732219388702482 ] ] ] ] } },
{ "type": "Feature", "properties": { "year": 2025, "month": 8, "ref_class": "thinning" }, "geometry": { "type": "MultiPolygon", "coordinates": [ [ [ [ 29.522882496832118, 50.733142924278035 ], [ 29.525457417485793, 50.731350162106935 ], [ 29.528375660892088, 50.730861215062603 ], [ 29.529448530756557, 50.731377326047209 ], [ 29.530199552292896, 50.731255089259179 ], [ 29.530918388593975, 50.731818729575465 ], [ 29.528890645021026, 50.732708321571394 ], [ 29.52614406299104, 50.732328040888305 ], [ 29.523397480961055, 50.735098586574445 ], [ 29.522367512694199, 50.734609678660718 ], [ 29.523311650268408, 50.733631847508022 ], [ 29.522882496832118, 50.733142924278035 ] ] ] ] } },
{ "type": "Feature", "properties": { "year": 2025, "month": 9, "ref_class": "thinning" }, "geometry": { "type": "MultiPolygon", "coordinates": [ [ [ [ 29.52307971368824, 50.726343766479104 ], [ 29.523465951782708, 50.72764773965546 ], [ 29.525740465025581, 50.727729236776355 ], [ 29.525869211060058, 50.728462704468477 ], [ 29.524066766604289, 50.728544200170042 ], [ 29.52273639093562, 50.728000892815956 ], [ 29.522221406797701, 50.726153600688278 ], [ 29.52307971368824, 50.726343766479104 ] ] ] ] } },
{ "type": "Feature", "properties": { "year": 2025, "month": 9, "ref_class": "thinning" }, "geometry": { "type": "MultiPolygon", "coordinates": [ [ [ [ 29.468287449157259, 50.692949041345983 ], [ 29.469403248107778, 50.693057784594039 ], [ 29.469832401553052, 50.690801310438324 ], [ 29.46871660260253, 50.690746936222666 ], [ 29.468287449157259, 50.692949041345983 ] ] ] ] } }
]
}
